/*
SQLyog v10.2 
MySQL - 5.5.25 : Database - jflyfox_mtg
*********************************************************************
*/

/*!40101 SET NAMES utf8 */;

/*!40101 SET SQL_MODE=''*/;

/*!40014 SET @OLD_UNIQUE_CHECKS=@@UNIQUE_CHECKS, UNIQUE_CHECKS=0 */;
/*!40014 SET @OLD_FOREIGN_KEY_CHECKS=@@FOREIGN_KEY_CHECKS, FOREIGN_KEY_CHECKS=0 */;
/*!40101 SET @OLD_SQL_MODE=@@SQL_MODE, SQL_MODE='NO_AUTO_VALUE_ON_ZERO' */;
/*!40111 SET @OLD_SQL_NOTES=@@SQL_NOTES, SQL_NOTES=0 */;
CREATE DATABASE /*!32312 IF NOT EXISTS*/`jflyfox_mtg` /*!40100 DEFAULT CHARACTER SET utf8 */;

USE `jflyfox_mtg`;

/*Table structure for table `education_background` */

DROP TABLE IF EXISTS `education_background`;

CREATE TABLE `education_background` (
  `id` int(11) NOT NULL AUTO_INCREMENT,
  `school_name` varchar(50) NOT NULL COMMENT '学校bb名称',
  `profession` varchar(50) NOT NULL COMMENT '专业',
  `types` int(11) NOT NULL COMMENT '类型 1.表示第一专业 2.表示第二专业',
  `admission_time` varchar(64) DEFAULT NULL COMMENT '入学时间',
  `graduation_time` varchar(64) NOT NULL COMMENT '毕业时间',
  `degree` varchar(50) NOT NULL COMMENT '学历',
  `applicant_id` int(11) NOT NULL COMMENT '外键应聘者id',
  `is_deleted` int(11) NOT NULL DEFAULT '1' COMMENT '是否已删除',
  PRIMARY KEY (`id`),
  KEY `applicant_id` (`applicant_id`)
) ENGINE=InnoDB AUTO_INCREMENT=1104 DEFAULT CHARSET=utf8;

/*Data for the table `education_background` */

insert  into `education_background`(`id`,`school_name`,`profession`,`types`,`admission_time`,`graduation_time`,`degree`,`applicant_id`,`is_deleted`) values (1074,'dfdfdfd','fdfdd',1,'2016年03月02日','2016年03月09日','博士后',746,1),(1075,'fdfdf','dfdf',2,'2016年03月28日','2016年03月02日','博士',746,1),(1076,'fdfdf','ddfdf',1,'2016年04月06日','2016年03月22日','硕士',746,1),(1077,'dfdf','ddfdf',1,'2016年03月30日','2016年03月22日','硕士',746,1),(1078,'1','1',1,'2016年03月02日','2016年03月03日','博士',747,1),(1079,'111','11',2,'2016年03月22日','2016年03月21日','本科',747,1),(1080,'111','111',1,'2016年03月10日','2016年03月03日','博士后',747,1),(1081,'东莞开工','计算机科学与技术',1,'2016年03月03日','2016年03月12日','本科',748,1),(1082,'东莞理工','土木工程',2,'2016年03月29日','2016年03月30日','博士',748,1),(1083,'好久好久好久','不牛逼牛逼牛逼',1,'2016年03月04日','2016年03月01日','博士',748,1),(1084,'vhgjcvfv ','能不能把',1,'2016年03月04日','2016年03月09日','博士后',748,1),(1085,'fg功夫功夫','个非官方个',1,'2016年03月31日','2016年03月29日','本科',749,1),(1086,'合格合格合格','法国法国风格',2,'2016年03月19日','2016年02月29日','硕士',749,1),(1087,'观后感韩国','改好 ',1,'2016年03月08日','2016年03月15日','本科',749,1),(1088,'东莞理工','东莞理工',1,'2016年03月15日','2016年03月08日','本科',750,1),(1089,'厦大','厦大',2,'2016年03月16日','2016年03月07日','本科',750,1),(1090,'华南理工','华南理工',1,'2016年03月10日','2016年02月28日','硕士',750,1),(1091,'hjhj','hjhj',1,'2016年03月08日','2016年03月08日','高中',751,1),(1092,'hjhjh','hjh',2,'2016年03月17日','2016年03月15日','硕士',751,1),(1093,'hjhjh','jhjhj',1,'2016年03月11日','2016年03月07日','硕士',751,1),(1094,'hjhjh','hjhj',1,'2016年03月16日','2016年04月04日','本科',751,1),(1095,'fdfdfd','dfdfd',1,'2016年03月10日','2016年03月08日','博士后',752,1),(1096,'dfd','fdfdf',2,'2016年03月09日','2016年03月03日','硕士',752,1),(1097,'fdfdf','dfdf',1,'2016年04月07日','2016年03月15日','本科',752,1),(1098,'xcxc','xcx',1,'2016年03月09日','2016年02月29日','本科',753,1),(1099,'cxc','xcxcx',2,'2016年03月08日','2016年03月01日','高中',753,1),(1100,'cxcxc','xcxcx',1,'2016年03月08日','2016年03月15日','高中',754,1),(1101,'cxcx','cxcx',2,'2016年03月08日','2016年03月07日','高中',754,1),(1102,'cxcxc','xcxc',1,'2016年03月02日','2016年03月08日','高中',754,1),(1103,'xcx','cxcxc',1,'2016年03月09日','2016年03月08日','高中',754,1);

/*Table structure for table `personal_experience` */

DROP TABLE IF EXISTS `personal_experience`;

CREATE TABLE `personal_experience` (
  `id` int(11) NOT NULL AUTO_INCREMENT,
  `name` varchar(50) DEFAULT NULL COMMENT '项目名称，公司名称，社会实践名称',
  `time` varchar(100) DEFAULT NULL COMMENT '实习时间，社会实践时间，如2016年1月1日-2016年3月1日',
  `description` varchar(1000) DEFAULT NULL COMMENT '项目简介，实习主要内容，社会实践主要内容',
  `achievement` varchar(1000) DEFAULT NULL COMMENT '项目成就，实习成果，社会实践成果',
  `is_deleted` int(11) NOT NULL DEFAULT '1' COMMENT '是否已删除',
  PRIMARY KEY (`id`)
) ENGINE=InnoDB AUTO_INCREMENT=378 DEFAULT CHARSET=utf8;

/*Data for the table `personal_experience` */

insert  into `personal_experience`(`id`,`name`,`time`,`description`,`achievement`,`is_deleted`) values (363,'fdfdf','fdfdfdfd','dfdf','dfdfdfd',1),(364,'fdf','fdfdf','dfdf','dfdfdfd',1),(365,'1','111','111','11',1),(366,'等更丰富','2016.12.36-2012.36.45','的GV发个非官方GV香港东方化工股份股份的合肥广播 香港东方化工股份股份的合肥广播 香港东方化工股份股份的合肥广播 香港东方化工股份股份的合肥广播 香港东方化工股份股份的合肥广播 ','香港东方化工股份股份的合肥广播 香港东方化工股份股份的合肥广播 香港东方化工股份股份的合肥广播 香港东方化工股份股份的合肥广播 香港东方化工股份股份的合肥广播 香港东方化工股份股份的合肥广播 ',1),(367,'bvbvb','vbvbvb','vbvbvbvb','vbvbvbv',1),(368,'kjkjkjkj','孤鸿寡鹄',' 好久好久好久个合格合格合格合格后','孤鸿寡鹄改好改好改好 ',1),(369,'孤鸿寡鹄',' 改好','韩国 ','  个韩庚韩庚韩庚',1),(370,'对方的更多更多','地方大幅度','当当','东方',1),(371,'fgfg','发给','发  复古风格','方法',1),(372,'hjhjh','hjhjh','jhjhj','hjhjhj',1),(373,'dfd','dfdfd','fdfdfdfdfd','fdfd',1),(374,'dfd','dfd','fdfdf','dfd',1),(375,'xc','xcxcx','xcxc','xcxcx',1),(376,'xcxc','xcxcx','xcxcx','cxcxc',1),(377,'xcxc','xcxcxc','xcxc','xcxcx',1);

/*Table structure for table `recruiting_trip` */

DROP TABLE IF EXISTS `recruiting_trip`;

CREATE TABLE `recruiting_trip` (
  `id` int(11) NOT NULL AUTO_INCREMENT COMMENT '主键',
  `folder_id` int(11) NOT NULL COMMENT '目录id',
  `identify` varchar(50) DEFAULT NULL COMMENT '文字标识',
  `city` varchar(100) DEFAULT NULL COMMENT '城市',
  `school` varchar(255) DEFAULT NULL COMMENT '宣讲学校',
  `date` varchar(100) DEFAULT NULL COMMENT '宣讲日期',
  `preach_site` varchar(100) DEFAULT NULL COMMENT '宣讲场地',
  `content` varchar(2000) DEFAULT NULL COMMENT '招聘详情',
  `sort` int(11) DEFAULT NULL COMMENT '排序',
  `status` int(11) DEFAULT '1' COMMENT '状态//radio/2,隐藏,1,显示',
  `is_deleted` int(11) NOT NULL DEFAULT '1' COMMENT '是否已删除',
  `update_time` varchar(64) DEFAULT NULL COMMENT '更新时间',
  `update_id` int(11) DEFAULT '0' COMMENT '更新人',
  `create_time` varchar(64) DEFAULT NULL COMMENT '创建时间',
  `create_id` int(11) DEFAULT '0' COMMENT '创建者',
  PRIMARY KEY (`id`)
) ENGINE=InnoDB AUTO_INCREMENT=7 DEFAULT CHARSET=utf8 COMMENT='招聘行程';

/*Data for the table `recruiting_trip` */

insert  into `recruiting_trip`(`id`,`folder_id`,`identify`,`city`,`school`,`date`,`preach_site`,`content`,`sort`,`status`,`is_deleted`,`update_time`,`update_id`,`create_time`,`create_id`) values (1,1,'行程','广州','广东工业大学','2016-03-18 下午14:30','大学城校区 教6-107课室',NULL,1,1,1,'2016-03-18 17:27:44',1,'2016-03-18 17:27:44',1),(2,1,'行程','武汉','武汉大学','2016-03-26 晚上19:00','信息学部 就业中心第一报告厅',NULL,2,1,1,'2016-03-18 17:28:43',1,'2016-03-18 17:28:43',1),(3,1,'行程','武汉','武汉理工大学','2016-03-27 下午14:30','马房山校区 就业1号厅',NULL,3,1,1,'2016-03-18 17:29:13',1,'2016-03-18 17:29:13',1),(4,1,'行程',NULL,'-','敬请期待2016年春季招聘',NULL,NULL,4,1,1,'2016-03-18 17:29:47',1,'2016-03-18 17:29:47',1),(5,1,'说明',NULL,NULL,NULL,NULL,'  注：2016届春季招聘的各校园大使正在火热招募中，以上招聘站点中，<br>\r\n有兴趣的同学请发送主题为“校园大使+学校+姓名+联系电话”的邮件至lhr@lango-tech.com，<br> 有机会参与到我们的校园招聘工作中来，更有机会获得直接笔试或者面试的名额！期待你的来信^.^<br>\r\n                        具体行程安排会根据实际情况进行调整，请关注网站更新信息！<br>咨询QQ：2268148371；咨询微信号：“朗国合伙人”；<br>春季招聘网申截止时间为当地宣讲会结束后的零点，具体时间以宣讲会上的说明为准。<br>通过网申进入下一轮的结果我们会在当地的宣讲会后使用微信公众号“朗国合伙人”进行推送，请关注朗国在当地区的校园宣讲。<br>请关注朗国招聘的订阅号“朗国合伙人”，笔试、面试通知我们会通过订阅号进行发放。',5,1,1,'2016-03-18 17:33:37',1,'2016-03-18 17:33:37',1),(6,1,'标题栏','城市','宣讲院校','宣讲日期','宣讲场地',NULL,20,1,1,'2016-03-21 12:00:01',1,'2016-03-21 12:00:01',1);

/*Table structure for table `resume_joint` */

DROP TABLE IF EXISTS `resume_joint`;

CREATE TABLE `resume_joint` (
  `id` int(11) NOT NULL AUTO_INCREMENT,
  `applicant_id` varchar(50) DEFAULT NULL COMMENT '基础信息表id',
  `experience_id` varchar(50) NOT NULL DEFAULT '0',
  `file_id` varchar(100) NOT NULL DEFAULT '0',
  `is_deleted` int(11) NOT NULL DEFAULT '1' COMMENT '是否已删除',
  PRIMARY KEY (`id`)
) ENGINE=InnoDB AUTO_INCREMENT=594 DEFAULT CHARSET=utf8;

/*Data for the table `resume_joint` */

insert  into `resume_joint`(`id`,`applicant_id`,`experience_id`,`file_id`,`is_deleted`) values (585,'746','363,364,','0',1),(586,'747','365,','0',1),(587,'748','366,367,','0',1),(588,'749','368,369,','0',1),(589,'750','370,371,','0',1),(590,'751','372,','0',1),(591,'752','373,374,','0',1),(592,'753','375,','0',1),(593,'754','376,377,','0',1);

/*Table structure for table `sys_account_passwd` */

DROP TABLE IF EXISTS `sys_account_passwd`;

CREATE TABLE `sys_account_passwd` (
  `id` int(11) NOT NULL AUTO_INCREMENT,
  `account` varchar(100) DEFAULT NULL COMMENT '账号',
  `passwd` varchar(100) DEFAULT NULL COMMENT '密码',
  `update_time` varchar(64) DEFAULT NULL COMMENT '更新时间',
  `create_time` varchar(64) DEFAULT NULL COMMENT '创建时间',
  `applicant_id` int(11) DEFAULT NULL COMMENT '简历id',
  `is_deleted` int(11) NOT NULL DEFAULT '1' COMMENT '是否删除',
  PRIMARY KEY (`id`)
) ENGINE=InnoDB AUTO_INCREMENT=106 DEFAULT CHARSET=utf8;

/*Data for the table `sys_account_passwd` */

insert  into `sys_account_passwd`(`id`,`account`,`passwd`,`update_time`,`create_time`,`applicant_id`,`is_deleted`) values (43,'45454544','dvfgfgf','2016-03-27 10:49:46','2016-03-27 10:49:46',NULL,1),(44,'45676878','fggfgfg','2016-03-27 10:49:46','2016-03-27 10:49:46',NULL,1),(45,'7687844','vbnhjgh','2016-03-27 10:49:46','2016-03-27 10:49:46',NULL,1),(46,'568798','hghyug','2016-03-27 10:49:46','2016-03-27 10:49:46',NULL,1),(47,'67678665','gjhncv','2016-03-27 10:49:46','2016-03-27 10:49:46',NULL,1),(48,'44898978','vnbfgf','2016-03-27 10:49:46','2016-03-27 10:49:46',NULL,1),(49,'668966455','cszdm','2016-03-27 10:49:46','2016-03-27 10:49:46',NULL,1),(50,'8798906','vbhjkhgg','2016-03-27 10:49:46','2016-03-27 10:49:46',NULL,1),(51,'2354656','vnnhgc','2016-03-27 10:49:46','2016-03-27 10:49:46',NULL,1),(52,'6799756','vbbjgfc','2016-03-27 10:49:46','2016-03-27 10:49:46',NULL,1),(53,'7889897','ghhjx','2016-03-27 10:49:46','2016-03-27 10:49:46',NULL,1),(54,'457798','bnbbngh','2016-03-27 10:49:46','2016-03-27 10:49:46',NULL,1),(55,'677809','vvjhnmv','2016-03-27 10:49:46','2016-03-27 10:49:46',NULL,1),(56,'7687988','vnghv ','2016-03-27 10:49:46','2016-03-27 10:49:46',NULL,1),(57,'5668766','fgfgfv','2016-03-27 10:49:46','2016-03-27 10:49:46',NULL,1),(58,'787545','nghjhjk','2016-03-27 10:49:46','2016-03-27 10:49:46',NULL,1),(59,'7887','vhgf','2016-03-27 10:49:47','2016-03-27 10:49:47',NULL,1),(60,'67685667','bnbhm','2016-03-27 10:49:47','2016-03-27 10:49:47',NULL,1),(61,'57686','ddrdygj','2016-03-27 10:49:47','2016-03-27 10:49:47',NULL,1),(62,'57567','ghbvvv','2016-03-27 10:49:47','2016-03-27 10:49:47',NULL,1),(63,'565653454','nhjhhjhj','2016-03-27 10:49:47','2016-03-27 10:49:47',NULL,1),(64,'45454544','dvfgfgf','2016-03-27 10:52:16','2016-03-27 10:52:16',NULL,1),(65,'45676878','fggfgfg','2016-03-27 10:52:16','2016-03-27 10:52:16',NULL,1),(66,'7687844','vbnhjgh','2016-03-27 10:52:16','2016-03-27 10:52:16',NULL,1),(67,'568798','hghyug','2016-03-27 10:52:16','2016-03-27 10:52:16',NULL,1),(68,'67678665','gjhncv','2016-03-27 10:52:16','2016-03-27 10:52:16',NULL,1),(69,'44898978','vnbfgf','2016-03-27 10:52:16','2016-03-27 10:52:16',NULL,1),(70,'668966455','cszdm','2016-03-27 10:52:16','2016-03-27 10:52:16',NULL,1),(71,'8798906','vbhjkhgg','2016-03-27 10:52:16','2016-03-27 10:52:16',NULL,1),(72,'2354656','vnnhgc','2016-03-27 10:52:16','2016-03-27 10:52:16',NULL,1),(73,'6799756','vbbjgfc','2016-03-27 10:52:16','2016-03-27 10:52:16',NULL,1),(74,'7889897','ghhjx','2016-03-27 10:52:16','2016-03-27 10:52:16',NULL,1),(75,'457798','bnbbngh','2016-03-27 10:52:16','2016-03-27 10:52:16',NULL,1),(76,'677809','vvjhnmv','2016-03-27 10:52:16','2016-03-27 10:52:16',NULL,1),(77,'7687988','vnghv ','2016-03-27 10:52:16','2016-03-27 10:52:16',NULL,1),(78,'5668766','fgfgfv','2016-03-27 10:52:16','2016-03-27 10:52:16',NULL,1),(79,'787545','nghjhjk','2016-03-27 10:52:16','2016-03-27 10:52:16',NULL,1),(80,'7887','vhgf','2016-03-27 10:52:16','2016-03-27 10:52:16',NULL,1),(81,'67685667','bnbhm','2016-03-27 10:52:16','2016-03-27 10:52:16',NULL,1),(82,'57686','ddrdygj','2016-03-27 10:52:16','2016-03-27 10:52:16',NULL,1),(83,'57567','ghbvvv','2016-03-27 10:52:16','2016-03-27 10:52:16',NULL,1),(84,'565653454','nhjhhjhj','2016-03-27 10:52:16','2016-03-27 10:52:16',NULL,1),(85,'45454544','dvfgfgf','2016-03-27 10:54:04','2016-03-27 10:54:04',NULL,1),(86,'45676878','fggfgfg','2016-03-27 10:54:04','2016-03-27 10:54:04',NULL,1),(87,'7687844','vbnhjgh','2016-03-27 10:54:04','2016-03-27 10:54:04',NULL,1),(88,'568798','hghyug','2016-03-27 10:54:04','2016-03-27 10:54:04',NULL,1),(89,'67678665','gjhncv','2016-03-27 10:54:04','2016-03-27 10:54:04',NULL,1),(90,'44898978','vnbfgf','2016-03-27 10:54:04','2016-03-27 10:54:04',NULL,1),(91,'668966455','cszdm','2016-03-27 10:54:04','2016-03-27 10:54:04',NULL,1),(92,'8798906','vbhjkhgg','2016-03-27 10:54:04','2016-03-27 10:54:04',NULL,1),(93,'2354656','vnnhgc','2016-03-27 10:54:04','2016-03-27 10:54:04',NULL,1),(94,'6799756','vbbjgfc','2016-03-27 10:54:04','2016-03-27 10:54:04',NULL,1),(95,'7889897','ghhjx','2016-03-27 10:54:04','2016-03-27 10:54:04',NULL,1),(96,'457798','bnbbngh','2016-03-27 10:54:04','2016-03-27 10:54:04',NULL,1),(97,'677809','vvjhnmv','2016-03-27 10:54:04','2016-03-27 10:54:04',NULL,1),(98,'7687988','vnghv ','2016-03-27 10:54:04','2016-03-27 10:54:04',NULL,1),(99,'5668766','fgfgfv','2016-03-27 10:54:04','2016-03-27 10:54:04',NULL,1),(100,'787545','nghjhjk','2016-03-27 10:54:04','2016-03-27 10:54:04',NULL,1),(101,'7887','vhgf','2016-03-27 10:54:04','2016-03-27 10:54:04',NULL,1),(102,'67685667','bnbhm','2016-03-27 10:54:04','2016-03-27 10:54:04',NULL,1),(103,'57686','ddrdygj','2016-03-27 10:54:04','2016-03-27 10:54:04',NULL,1),(104,'57567','ghbvvv','2016-03-27 10:54:04','2016-03-27 10:54:04',NULL,1);

/*Table structure for table `sys_applicant` */

DROP TABLE IF EXISTS `sys_applicant`;

CREATE TABLE `sys_applicant` (
  `id` int(11) NOT NULL AUTO_INCREMENT,
  `province_site` varchar(50) NOT NULL COMMENT '所属站点',
  `name` varchar(50) NOT NULL COMMENT '姓名',
  `sex` varchar(5) DEFAULT NULL COMMENT '申请人性别',
  `birthday` varchar(64) DEFAULT NULL COMMENT '生日',
  `email` varchar(200) NOT NULL COMMENT '邮箱',
  `telephone` varchar(200) NOT NULL COMMENT '电话',
  `standby_phone` varchar(200) DEFAULT NULL COMMENT '备用电话',
  `job` varchar(50) NOT NULL COMMENT '应聘岗位',
  `awards` varchar(1000) DEFAULT NULL COMMENT '我的特长',
  `advantages` varchar(1000) DEFAULT NULL COMMENT '我的优点与缺点',
  `other` varchar(1000) DEFAULT NULL COMMENT ' 其它',
  `update_time` varchar(64) NOT NULL COMMENT '更新时间',
  `create_time` varchar(64) NOT NULL COMMENT '创建时间',
  `account_number` varchar(50) NOT NULL COMMENT '答题账号',
  `password` varchar(50) NOT NULL COMMENT '答题密码',
  `isread` int(11) NOT NULL DEFAULT '0' COMMENT '是否已读',
  `isverify` int(11) NOT NULL DEFAULT '0' COMMENT '是否审核',
  `is_deleted` int(11) NOT NULL DEFAULT '1' COMMENT '是否已删除',
  `number` varchar(20) DEFAULT NULL,
  `content` varchar(50) DEFAULT NULL,
  `select` varchar(50) DEFAULT NULL,
  PRIMARY KEY (`id`)
) ENGINE=InnoDB AUTO_INCREMENT=755 DEFAULT CHARSET=utf8;

/*Data for the table `sys_applicant` */

insert  into `sys_applicant`(`id`,`province_site`,`name`,`sex`,`birthday`,`email`,`telephone`,`standby_phone`,`job`,`awards`,`advantages`,`other`,`update_time`,`create_time`,`account_number`,`password`,`isread`,`isverify`,`is_deleted`,`number`,`content`,`select`) values (746,'武汉站点','李锐彬','女','2016年03月10日','1514215600@qq.com','12151421514','12145145214','硬件工程师','dfdfd','fdfdf','dfdfdfd','2016年03月24日','2016年03月23日','333333','3434343',1,2,1,NULL,NULL,NULL),(747,'广东站点','fgfgfg','男','2016年03月02日','dfdfdfdf@qq.com','12145145124','54121544444','硬件工程师','1111',' public void createDoc(String filename,Map dataMap,Configuration configuration,HttpServletResponse response){  \n		    filename += \".doc\";\n			filename.replaceAll(\"/\", \"-\");\n			try {\n				filename = URLEncoder.encode(filename, \"UTF-8\");\n			} catch (UnsupportedEncodingException e2) {\n				e2.printStackTrace();\n			}\n			response.reset();\n			response.setCharacterEncoding(\"UTF-8\");\n			response.setHeader(\"Content-Disposition\", \"attachment; filename=\" + filename);\n			response.setContentType(\"application/oc',' public void createDoc(String filename,Map dataMap,Configuration configuration,HttpServletResponse response){  \n		    filename += \".doc\";\n			filename.replaceAll(\"/\", \"-\");\n			try {\n				filename = URLEncoder.encode(filename, \"UTF-8\");\n			} catch (UnsupportedEncodingException e2) {\n				e2.printStackTrace();\n			}\n			response.reset();\n			response.setCharacterEncoding(\"UTF-8\");\n			response.setHeader(\"Content-Disposition\", \"attachment; filename=\" + filename);\n			response.setContentType(\"application/octet-stream;charset=UTF-8\");\n			Write','2016年03月24日','2016年03月24日','333333','3434343',1,2,1,NULL,NULL,NULL),(748,'武汉站点','多福多','女','2016年03月10日','15421514@qq.com','13515142151','12145151245','嵌入式软件开发工程师','香港东方化工股份股份的合肥广播 香港东方化工股份股份的合肥广播 香港东方化工股份股份的合肥广播 香港东方化工股份股份的合肥广播 ','香港东方化工股份股份的合肥广播 香港东方化工股份股份的合肥广播 香港东方化工股份股份的合肥广播 ','香港东方化工股份股份的合肥广播 香港东方化工股份股份的合肥广播 香港东方化工股份股份的合肥广播 ','2016年03月25日','2016年03月25日','333333','3434343',1,2,1,NULL,NULL,NULL),(749,'广东站点','发个非','女','2016年03月22日','124578@qq.com','14251214521','14578451256','嵌入式软件开发工程师','和对方过得十分广泛的广泛的覆盖风高放火覆盖不到vdfgfghgdfhgfhxfdfdfdf的广泛的高度','法规的法规的法规','个梵蒂冈','2016年03月25日','2016年03月25日','333333','3434343',1,2,1,NULL,NULL,NULL),(750,'武汉站点','金发的','女','2016年03月09日','55555@qq.com','14514215451','14514215451','硬件工程师','gfgfg','发发给','   复古风格','2016年03月25日','2016年03月25日','333333','3434343',1,2,1,NULL,NULL,NULL),(751,'武汉站点','科技科技科','男','2016年03月01日','44444@qq.com','14525142563','42014444444','算法与协议开发工程师','hjh','jhjh','hjh','2016年03月25日','2016年03月25日','333333','3434343',1,1,1,NULL,NULL,NULL),(752,'广东站点','jkjkjk','男','2016年02月29日','121212121@qq.com','14525412365','45242144254','JAVA WEB开发工程师','fdfd','fdfd','df','2016年03月25日','2016年03月25日','333333','3434343',1,1,1,NULL,NULL,NULL),(753,'武汉站点','jkjkj','男','2016年03月02日','1214514515@qq.com','14512145145','14512145145','Android软件工程师','xcxc','xcx','xc','2016年03月25日','2016年03月25日','333333','3434343',0,0,1,NULL,NULL,NULL),(754,'广东站点','iuiuiu','女','2016年03月01日','145244@qq.com','14521245125','14521214521','JAVA WEB开发工程师','cxcxc','xcxc','xcxc','2016年03月26日','2016年03月26日','333333','3434343',1,0,1,NULL,NULL,NULL);

/*Table structure for table `sys_department` */

DROP TABLE IF EXISTS `sys_department`;

CREATE TABLE `sys_department` (
  `id` int(11) NOT NULL AUTO_INCREMENT,
  `name` varchar(32) NOT NULL COMMENT '部门/11111',
  `sort` int(11) DEFAULT '0' COMMENT '序号',
  `linkman` varchar(64) DEFAULT NULL COMMENT '联系人',
  `linkman_no` varchar(32) DEFAULT NULL COMMENT '联系人电话',
  `create_time` varchar(64) DEFAULT NULL COMMENT '创建时间',
  `create_id` int(11) DEFAULT '0' COMMENT '创建者',
  PRIMARY KEY (`id`)
) ENGINE=InnoDB AUTO_INCREMENT=3 DEFAULT CHARSET=utf8 COMMENT='部门';

/*Data for the table `sys_department` */

insert  into `sys_department`(`id`,`name`,`sort`,`linkman`,`linkman_no`,`create_time`,`create_id`) values (1,'系统承建单位',54,'44','44','2016-06-06 06:06:06',1),(2,'注册用户',97,'无人','15888888888','2015-04-28 22:39:34',1);

/*Table structure for table `sys_dict` */

DROP TABLE IF EXISTS `sys_dict`;

CREATE TABLE `sys_dict` (
  `dict_id` int(11) NOT NULL AUTO_INCREMENT COMMENT '主键',
  `dict_name` varchar(256) NOT NULL COMMENT '名称',
  `dict_type` varchar(64) NOT NULL COMMENT '类型',
  `dict_remark` varchar(256) DEFAULT NULL COMMENT '备注',
  PRIMARY KEY (`dict_id`),
  UNIQUE KEY `UK_SYS_DICT_TYPE` (`dict_type`)
) ENGINE=InnoDB AUTO_INCREMENT=102 DEFAULT CHARSET=utf8 COMMENT='数据字典主表';

/*Data for the table `sys_dict` */

insert  into `sys_dict`(`dict_id`,`dict_name`,`dict_type`,`dict_remark`) values (1,'日志配置','systemLog',NULL),(2,'岗位','jobType','岗位名称'),(3,'站点','sitestype',NULL),(11,'目录类型','folderType',NULL),(100,'系统参数','systemParam',NULL),(101,'友情链接类型','friendlyLinkType',NULL);

/*Table structure for table `sys_dict_detail` */

DROP TABLE IF EXISTS `sys_dict_detail`;

CREATE TABLE `sys_dict_detail` (
  `detail_id` int(11) NOT NULL AUTO_INCREMENT COMMENT '主键',
  `dict_type` varchar(64) NOT NULL COMMENT '数据字典类型',
  `detail_name` varchar(256) DEFAULT NULL COMMENT '名称',
  `detail_code` varchar(32) DEFAULT NULL COMMENT '代码',
  `detail_sort` varchar(32) DEFAULT NULL COMMENT '排序号',
  `detail_type` varchar(32) DEFAULT NULL COMMENT '类型',
  `detail_state` varchar(32) DEFAULT NULL COMMENT '状态',
  `detail_content` varchar(256) DEFAULT NULL COMMENT '内容',
  `detail_remark` varchar(256) DEFAULT NULL COMMENT '备注',
  `create_time` varchar(64) DEFAULT NULL COMMENT '创建时间',
  `create_id` int(11) DEFAULT '0' COMMENT '创建者',
  PRIMARY KEY (`detail_id`)
) ENGINE=InnoDB AUTO_INCREMENT=119 DEFAULT CHARSET=utf8 COMMENT='数据字典';

/*Data for the table `sys_dict_detail` */

insert  into `sys_dict_detail`(`detail_id`,`dict_type`,`detail_name`,`detail_code`,`detail_sort`,`detail_type`,`detail_state`,`detail_content`,`detail_remark`,`create_time`,`create_id`) values (1,'folderType','目录','1','1',NULL,NULL,NULL,NULL,'2015-01-30',1),(2,'folderType','a标签','2','2',NULL,NULL,NULL,NULL,'2015-01-30',1),(3,'folderType','a标签target','3','3',NULL,NULL,NULL,NULL,'2015-01-30',1),(4,'folderType','html标签','4','4',NULL,NULL,NULL,NULL,'2015-01-30',1),(5,'folderType','岗位类型','5','5',NULL,NULL,NULL,NULL,NULL,1),(51,'systemLog','sys_dict','数据字典主表','1',NULL,NULL,NULL,NULL,'2015-01-30',1),(52,'systemLog','sys_dict_detail','数据字典','2',NULL,NULL,NULL,NULL,'2015-01-30',1),(53,'systemLog','sys_menu','菜单管理','3',NULL,NULL,NULL,NULL,'2015-01-30',1),(54,'systemLog','sys_department','组织机构','4',NULL,NULL,NULL,NULL,'2015-01-30',1),(55,'systemLog','sys_user','用户管理','5',NULL,NULL,NULL,NULL,'2015-01-30',1),(56,'systemLog','sys_user_role','用户角色授权','6',NULL,NULL,NULL,NULL,'2015-01-30',1),(57,'systemLog','sys_role','角色管理','7',NULL,NULL,NULL,NULL,'2015-01-30',1),(58,'systemLog','sys_role_folder','角色目录授权','8',NULL,NULL,NULL,NULL,'2015-01-30',1),(59,'systemLog','sys_role_menu','角色菜单授权','9',NULL,NULL,NULL,NULL,'2015-01-30',1),(60,'systemLog','tb_folder','目录管理','10',NULL,NULL,NULL,NULL,'2015-01-30',1),(61,'systemLog','tb_article','文章管理','11',NULL,NULL,NULL,NULL,'2015-01-30',1),(62,'systemLog','tb_articlelike','喜欢的文章管理','12',NULL,NULL,NULL,NULL,'2015-01-30',1),(63,'systemLog','tb_comment','评论管理','13',NULL,NULL,NULL,NULL,'2015-01-30',1),(64,'systemLog','tb_tags','标签管理','14',NULL,NULL,NULL,NULL,'2015-01-30',1),(65,'systemLog','tb_contact','联系人','15',NULL,NULL,NULL,NULL,'2015-01-30',1),(66,'systemLog','tb_error','错误管理','16',NULL,NULL,NULL,NULL,'2015-01-30',1),(67,'systemLog','tb_friendlylink','友情链接','17',NULL,NULL,NULL,NULL,'2015-01-30',1),(101,'systemParam','jfinal cms','1','1',NULL,NULL,NULL,NULL,'2015-01-30',1),(104,'jobType','JAVA WEB开发工程师','311','19',NULL,NULL,NULL,NULL,'2016-03-17 19:19:54',1),(105,'jobType','WEB前端工程师','312','20',NULL,NULL,NULL,NULL,'2016-03-17 19:21:11',1),(106,'jobType','算法与协议开发工程师','313','21',NULL,NULL,NULL,NULL,'2016-03-17 19:22:12',1),(107,'jobType','嵌入式软件开发工程师','314','22',NULL,NULL,NULL,NULL,'2016-03-17 19:24:43',1),(108,'jobType','硬件工程师','315','23',NULL,NULL,NULL,NULL,'2016-03-17 19:25:19',1),(109,'jobType','大数据与数据挖掘工程师','316','24',NULL,NULL,NULL,NULL,'2016-03-17 19:25:49',1),(110,'jobType','软件测试工程师','317','25',NULL,NULL,NULL,NULL,'2016-03-17 19:26:27',1),(111,'jobType','Android软件工程师','318','26',NULL,NULL,NULL,NULL,'2016-03-17 19:26:54',1),(112,'jobType','交互设计师','321','27',NULL,NULL,NULL,NULL,'2016-03-17 19:27:59',1),(113,'jobType','平面(UI)设计','322','28',NULL,NULL,NULL,NULL,'2016-03-17 19:28:28',1),(114,'jobType','销售工程师','323','29',NULL,NULL,NULL,NULL,'2016-03-17 19:28:59',1),(115,'jobType','管理培训生','324','30',NULL,NULL,NULL,NULL,'2016-03-17 19:29:48',1),(116,'jobType','客户现场支持工程师','331','31',NULL,NULL,NULL,NULL,'2016-03-17 19:30:09',1),(117,'sitestype','广东站点','11','1',NULL,NULL,NULL,NULL,'2016-03-17 19:54:33',1),(118,'sitestype','武汉站点','12','2',NULL,NULL,NULL,NULL,'2016-03-17 19:55:07',1);

/*Table structure for table `sys_file` */

DROP TABLE IF EXISTS `sys_file`;

CREATE TABLE `sys_file` (
  `id` int(11) NOT NULL AUTO_INCREMENT,
  `file_name` varchar(100) NOT NULL,
  `file_url` varchar(500) NOT NULL,
  `is_deleted` int(11) NOT NULL DEFAULT '1' COMMENT '是否已删除',
  PRIMARY KEY (`id`)
) ENGINE=InnoDB AUTO_INCREMENT=304 DEFAULT CHARSET=utf8;

/*Data for the table `sys_file` */

/*Table structure for table `sys_log` */

DROP TABLE IF EXISTS `sys_log`;

CREATE TABLE `sys_log` (
  `id` int(11) NOT NULL AUTO_INCREMENT,
  `log_type` int(11) NOT NULL COMMENT '类型',
  `oper_object` varchar(64) DEFAULT NULL COMMENT '操作对象',
  `oper_table` varchar(64) NOT NULL COMMENT '操作表',
  `oper_id` int(11) DEFAULT '0' COMMENT '操作主键',
  `oper_type` varchar(64) DEFAULT NULL COMMENT '操作类型',
  `oper_remark` varchar(100) DEFAULT NULL COMMENT '操作备注',
  `create_time` varchar(64) NOT NULL COMMENT '创建时间',
  `create_id` int(11) DEFAULT '0' COMMENT '创建者',
  PRIMARY KEY (`id`)
) ENGINE=InnoDB AUTO_INCREMENT=11100 DEFAULT CHARSET=utf8 COMMENT='日志';

/*Data for the table `sys_log` */

insert  into `sys_log`(`id`,`log_type`,`oper_object`,`oper_table`,`oper_id`,`oper_type`,`oper_remark`,`create_time`,`create_id`) values (10444,1,'访问量统计','tb_pageview',74,'添加','','2016-02-29 19:45:43',0),(10445,1,'访问量统计','tb_pageview',75,'添加','','2016-03-01 08:28:15',0),(10446,2,'用户管理','sys_user',1,'登入','','2016-03-01 08:31:36',1),(10447,1,'访问量统计','tb_pageview',76,'添加','','2016-03-02 08:29:26',0),(10448,1,'访问量统计','tb_pageview',77,'添加','','2016-03-03 08:42:32',0),(10449,2,'用户管理','sys_user',1,'登入','','2016-03-03 17:16:12',1),(10450,1,'访问量统计','tb_pageview',78,'添加','','2016-03-04 08:14:34',0),(10451,1,'访问量统计','tb_pageview',79,'添加','','2016-03-04 14:05:52',0),(10452,2,'用户管理','sys_user',1,'登入','','2016-03-04 14:06:13',1),(10453,1,'访问量统计','tb_pageview',80,'添加','','2016-03-04 14:06:46',0),(10454,2,'用户管理','sys_user',1,'登入','','2016-03-04 14:07:10',1),(10455,2,'用户管理','sys_user',1,'登入','','2016-03-04 16:27:19',1),(10456,1,'访问量统计','tb_pageview',81,'添加','','2016-03-05 09:10:08',0),(10457,2,'用户管理','sys_user',1,'登入','','2016-03-05 10:31:32',1),(10458,1,'访问量统计','tb_pageview',82,'添加','','2016-03-05 13:59:45',0),(10459,2,'用户管理','sys_user',1,'登入','','2016-03-05 14:00:09',1),(10460,2,'用户管理','sys_user',1,'登入','','2016-03-05 14:03:54',1),(10461,2,'用户管理','sys_user',1,'登入','','2016-03-05 15:37:56',1),(10462,2,'用户管理','sys_user',1,'登入','','2016-03-05 23:40:05',1),(10463,1,'访问量统计','tb_pageview',83,'添加','','2016-03-06 09:34:11',0),(10464,2,'用户管理','sys_user',4,'登入','','2016-03-06 09:42:02',4),(10465,2,'用户管理','sys_user',5,'登入','','2016-03-06 09:45:14',5),(10466,2,'用户管理','sys_user',1,'登入','','2016-03-06 12:45:23',1),(10467,2,'用户管理','sys_user',1,'登入','','2016-03-06 15:39:32',1),(10468,2,'用户管理','sys_user',1,'登入','','2016-03-06 20:13:14',1),(10469,1,'组织机构','sys_department',1,'更新','','2016-03-06 20:14:00',1),(10470,1,'组织机构','sys_department',1,'更新','','2016-03-06 20:15:02',1),(10471,1,'组织机构','sys_department',1,'更新','','2016-03-06 20:15:32',1),(10472,1,'访问量统计','tb_pageview',84,'添加','','2016-03-07 08:45:17',0),(10473,1,'访问量统计','tb_pageview',85,'添加','','2016-03-08 08:19:20',0),(10474,1,'访问量统计','tb_pageview',86,'添加','','2016-03-09 09:40:43',0),(10475,1,NULL,'tb_image',18,'更新','','2016-03-09 15:11:55',1),(10476,1,NULL,'tb_image',19,'添加','','2016-03-09 16:30:35',1),(10477,1,NULL,'tb_image',20,'添加','','2016-03-09 16:35:51',1),(10478,1,NULL,'tb_image',21,'添加','','2016-03-09 16:43:05',1),(10479,1,NULL,'tb_image',22,'添加','','2016-03-09 16:44:03',1),(10480,1,NULL,'tb_image',23,'添加','','2016-03-09 16:45:28',1),(10481,1,NULL,'tb_image',24,'添加','','2016-03-09 16:55:53',1),(10482,2,'用户管理','sys_user',1,'登入','','2016-03-09 16:59:46',1),(10483,1,NULL,'tb_image',25,'添加','','2016-03-09 17:00:22',1),(10484,2,'用户管理','sys_user',1,'登入','','2016-03-09 17:08:36',1),(10485,2,'用户管理','sys_user',1,'登入','','2016-03-09 17:14:56',1),(10486,1,NULL,'tb_image',26,'添加','','2016-03-09 17:26:22',1),(10487,1,NULL,'tb_image',27,'添加','','2016-03-09 17:26:24',1),(10488,2,'用户管理','sys_user',1,'登入','','2016-03-09 17:34:51',1),(10489,1,NULL,'tb_image',28,'添加','','2016-03-09 17:35:11',1),(10490,1,NULL,'tb_image',29,'添加','','2016-03-09 17:52:35',1),(10491,1,NULL,'tb_image',30,'添加','','2016-03-09 18:46:49',1),(10492,1,'访问量统计','tb_pageview',87,'添加','','2016-03-09 21:48:19',0),(10493,1,'访问量统计','tb_pageview',88,'添加','','2016-03-09 21:53:24',0),(10494,1,'访问量统计','tb_pageview',89,'添加','','2016-03-10 08:16:58',0),(10495,1,'访问量统计','tb_pageview',90,'添加','','2016-03-10 15:11:56',0),(10496,1,'访问量统计','tb_pageview',91,'添加','','2016-03-11 08:27:27',0),(10497,1,'访问量统计','tb_pageview',92,'添加','','2016-03-11 10:52:54',0),(10498,1,'访问量统计','tb_pageview',93,'添加','','2016-03-11 13:56:14',0),(10499,1,'访问量统计','tb_pageview',94,'添加','','2016-03-12 09:31:40',0),(10500,1,'访问量统计','tb_pageview',95,'添加','','2016-03-14 08:29:01',0),(10501,1,'访问量统计','tb_pageview',96,'添加','','2016-03-15 08:16:31',0),(10502,1,'访问量统计','tb_pageview',97,'添加','','2016-03-16 08:23:42',0),(10503,2,'用户管理','sys_user',1,'登入','','2016-03-16 08:44:09',1),(10504,2,'用户管理','sys_user',1,'登入','','2016-03-16 11:37:43',1),(10505,2,'用户管理','sys_user',1,'登入','','2016-03-16 13:38:21',1),(10506,1,'文章管理','tb_article',406,'更新','','2016-03-16 13:41:39',0),(10507,1,'目录管理','tb_folder',4,'更新','','2016-03-16 14:21:06',1),(10508,1,'目录管理','tb_folder',4,'更新','','2016-03-16 14:21:22',1),(10509,1,'目录管理','tb_folder',4,'更新','','2016-03-16 14:21:37',1),(10510,1,'目录管理','tb_folder',4,'更新','','2016-03-16 14:36:50',1),(10511,1,'目录管理','tb_folder',4,'更新','','2016-03-16 14:37:59',1),(10512,2,'用户管理','sys_user',1,'登入','','2016-03-16 15:11:56',1),(10513,2,'用户管理','sys_user',1,'登入','','2016-03-16 15:15:02',1),(10514,1,'文章管理','tb_article',332,'更新','','2016-03-16 15:27:02',0),(10515,1,'文章管理','tb_article',1,'更新','','2016-03-16 15:30:55',0),(10516,1,'文章管理','tb_article',112,'更新','','2016-03-16 15:31:02',0),(10517,1,'文章管理','tb_article',112,'更新','','2016-03-16 15:31:51',0),(10518,1,'文章管理','tb_article',112,'更新','','2016-03-16 15:32:01',0),(10519,1,'文章管理','tb_article',112,'更新','','2016-03-16 15:32:16',0),(10520,1,'文章管理','tb_article',320,'更新','','2016-03-16 15:32:54',0),(10521,1,'文章管理','tb_article',320,'更新','','2016-03-16 15:35:52',0),(10522,1,'文章管理','tb_article',112,'更新','','2016-03-16 15:36:59',0),(10523,1,'文章管理','tb_article',112,'更新','','2016-03-16 15:40:47',0),(10524,1,'文章管理','tb_article',112,'更新','','2016-03-16 15:47:50',0),(10525,1,'文章管理','tb_article',112,'更新','','2016-03-16 15:52:44',0),(10526,1,'文章管理','tb_article',1,'更新','','2016-03-16 16:04:50',0),(10527,1,'文章管理','tb_article',1,'更新','','2016-03-16 16:10:38',1),(10528,1,'文章管理','tb_article',112,'更新','','2016-03-16 16:11:59',0),(10529,1,'文章管理','tb_article',112,'更新','','2016-03-16 16:12:05',0),(10530,1,'文章管理','tb_article',1,'更新','','2016-03-16 16:23:50',1),(10531,1,'文章管理','tb_article',112,'更新','','2016-03-16 16:24:22',1),(10532,1,'文章管理','tb_article',314,'更新','','2016-03-16 16:24:42',1),(10533,1,'文章管理','tb_article',212,'更新','','2016-03-16 16:25:01',1),(10534,1,'文章管理','tb_article',1,'更新','','2016-03-16 16:29:15',1),(10535,1,'文章管理','tb_article',4,'更新','','2016-03-16 16:29:42',1),(10536,1,'文章管理','tb_article',1,'更新','','2016-03-16 16:29:49',1),(10537,1,'文章管理','tb_article',4,'更新','','2016-03-16 16:29:56',1),(10538,1,'文章管理','tb_article',7,'更新','','2016-03-16 16:30:07',1),(10539,1,'文章管理','tb_article',6,'更新','','2016-03-16 16:30:19',1),(10540,1,'文章管理','tb_article',5,'更新','','2016-03-16 16:30:29',1),(10541,1,'文章管理','tb_article',3,'更新','','2016-03-16 16:30:43',1),(10542,1,'文章管理','tb_article',2,'更新','','2016-03-16 16:30:54',1),(10543,1,'文章管理','tb_article',2,'更新','','2016-03-16 16:35:15',1),(10544,1,'文章管理','tb_article',3,'更新','','2016-03-16 16:35:28',1),(10545,1,'文章管理','tb_article',4,'更新','','2016-03-16 16:35:37',1),(10546,1,'文章管理','tb_article',5,'更新','','2016-03-16 16:35:42',1),(10547,1,'文章管理','tb_article',6,'更新','','2016-03-16 16:35:49',1),(10548,1,'文章管理','tb_article',7,'更新','','2016-03-16 16:35:54',1),(10549,1,'文章管理','tb_article',1,'更新','','2016-03-16 16:36:10',0),(10550,1,'文章管理','tb_article',1,'更新','','2016-03-16 16:36:30',0),(10551,1,'文章管理','tb_article',2,'更新','','2016-03-16 16:36:35',0),(10552,1,'文章管理','tb_article',3,'更新','','2016-03-16 16:36:39',0),(10553,1,'文章管理','tb_article',4,'更新','','2016-03-16 16:36:43',0),(10554,1,'文章管理','tb_article',1,'更新','','2016-03-16 16:36:48',0),(10555,1,'文章管理','tb_article',2,'更新','','2016-03-16 16:36:57',0),(10556,1,'文章管理','tb_article',3,'更新','','2016-03-16 16:37:04',0),(10557,1,'文章管理','tb_article',4,'更新','','2016-03-16 16:37:13',0),(10558,1,'文章管理','tb_article',5,'更新','','2016-03-16 16:37:21',0),(10559,1,'文章管理','tb_article',6,'更新','','2016-03-16 16:37:24',0),(10560,1,'文章管理','tb_article',7,'更新','','2016-03-16 16:37:28',0),(10561,1,'文章管理','tb_article',1,'更新','','2016-03-16 16:59:59',0),(10562,1,'文章管理','tb_article',1,'更新','','2016-03-16 17:01:07',0),(10563,2,'用户管理','sys_user',1,'登入','','2016-03-16 17:10:19',1),(10564,1,NULL,'tb_folder_roll_picture',3,'更新','','2016-03-16 19:40:07',1),(10565,1,NULL,'tb_folder_roll_picture',6,'更新','','2016-03-16 19:41:02',1),(10566,1,NULL,'tb_folder_roll_picture',5,'更新','','2016-03-16 19:41:45',1),(10567,1,NULL,'tb_folder_roll_picture',4,'更新','','2016-03-16 19:42:15',1),(10568,1,NULL,'tb_folder_roll_picture',7,'添加','','2016-03-16 19:42:41',1),(10569,1,NULL,'tb_folder_roll_picture',8,'添加','','2016-03-16 19:43:10',1),(10570,1,NULL,'tb_folder_roll_picture',9,'添加','','2016-03-16 19:43:31',1),(10571,1,NULL,'tb_folder_roll_picture',1,'更新','','2016-03-16 20:59:32',1),(10572,1,'访问量统计','tb_pageview',98,'添加','','2016-03-17 08:31:26',0),(10573,1,NULL,'tb_folder_roll_picture',10,'添加','','2016-03-17 09:53:42',1),(10574,1,NULL,'tb_folder_roll_picture',10,'更新','','2016-03-17 09:59:36',1),(10575,1,NULL,'tb_folder_roll_picture',11,'添加','','2016-03-17 10:02:04',1),(10576,1,'目录管理','tb_folder',3,'更新','','2016-03-17 10:21:11',1),(10577,1,'目录管理','tb_folder',8,'更新','','2016-03-17 10:22:50',1),(10578,1,'目录管理','tb_folder',8,'更新','','2016-03-17 11:17:40',1),(10579,1,'目录管理','tb_folder',101,'添加','','2016-03-17 11:18:44',1),(10580,1,'目录管理','tb_folder',102,'添加','','2016-03-17 11:19:16',1),(10581,1,NULL,'tb_folder_roll_picture',11,'更新','','2016-03-17 11:20:53',1),(10582,1,NULL,'tb_folder_roll_picture',11,'更新','','2016-03-17 11:26:37',1),(10583,1,NULL,'tb_folder_roll_picture',11,'更新','','2016-03-17 11:28:24',1),(10584,1,NULL,'tb_folder_roll_picture',11,'更新','','2016-03-17 11:29:01',1),(10585,1,NULL,'tb_folder_roll_picture',11,'更新','','2016-03-17 11:30:03',1),(10586,1,NULL,'tb_folder_roll_picture',11,'更新','','2016-03-17 11:32:26',1),(10587,1,NULL,'tb_folder_roll_picture',12,'添加','','2016-03-17 11:41:28',1),(10588,1,NULL,'tb_folder_roll_picture',12,'更新','','2016-03-17 11:45:22',1),(10589,1,NULL,'tb_folder_roll_picture',13,'添加','','2016-03-17 11:48:19',1),(10590,1,NULL,'tb_folder_roll_picture',14,'添加','','2016-03-17 11:51:08',1),(10591,1,NULL,'tb_folder_roll_picture',13,'更新','','2016-03-17 11:51:34',1),(10592,1,NULL,'tb_folder_roll_picture',15,'添加','','2016-03-17 11:53:31',1),(10593,1,NULL,'tb_folder_roll_picture',16,'添加','','2016-03-17 11:55:44',1),(10594,1,NULL,'tb_folder_roll_picture',17,'添加','','2016-03-17 11:57:56',1),(10595,1,NULL,'tb_folder_roll_picture',18,'添加','','2016-03-17 11:59:52',1),(10596,1,NULL,'tb_folder_roll_picture',19,'添加','','2016-03-17 12:24:52',1),(10597,1,NULL,'tb_folder_roll_picture',20,'添加','','2016-03-17 12:29:30',1),(10598,1,NULL,'tb_folder_roll_picture',21,'添加','','2016-03-17 13:45:22',1),(10599,1,NULL,'tb_folder_roll_picture',22,'添加','','2016-03-17 13:46:46',1),(10600,1,NULL,'tb_folder_roll_picture',23,'添加','','2016-03-17 13:48:18',1),(10601,1,NULL,'tb_folder_roll_picture',24,'添加','','2016-03-17 13:49:46',1),(10602,1,NULL,'tb_folder_roll_picture',19,'更新','','2016-03-17 15:11:36',1),(10603,1,NULL,'tb_folder_roll_picture',19,'更新','','2016-03-17 15:12:51',1),(10604,2,'用户管理','sys_user',1,'登入','','2016-03-17 15:17:23',1),(10605,1,'访问量统计','tb_pageview',99,'添加','','2016-03-17 16:46:12',0),(10606,1,'访问量统计','tb_pageview',100,'添加','','2016-03-17 16:51:30',0),(10607,1,'数据字典','sys_dict_detail',102,'添加','','2016-03-17 19:12:24',1),(10608,1,'数据字典','sys_dict_detail',103,'添加','','2016-03-17 19:17:34',1),(10609,1,'数据字典','sys_dict_detail',104,'添加','','2016-03-17 19:19:54',1),(10610,1,'数据字典','sys_dict_detail',103,'删除','','2016-03-17 19:20:11',1),(10611,1,'数据字典','sys_dict_detail',105,'添加','','2016-03-17 19:21:11',1),(10612,1,'数据字典','sys_dict_detail',104,'更新','','2016-03-17 19:21:31',1),(10613,1,'数据字典','sys_dict_detail',106,'添加','','2016-03-17 19:22:12',1),(10614,1,'数据字典','sys_dict_detail',104,'更新','','2016-03-17 19:22:21',1),(10615,1,'数据字典','sys_dict_detail',105,'更新','','2016-03-17 19:22:29',1),(10616,1,'数据字典','sys_dict_detail',106,'更新','','2016-03-17 19:22:36',1),(10617,1,'数据字典','sys_dict_detail',104,'更新','','2016-03-17 19:23:27',1),(10618,1,'数据字典','sys_dict_detail',105,'更新','','2016-03-17 19:23:35',1),(10619,1,'数据字典','sys_dict_detail',106,'更新','','2016-03-17 19:23:44',1),(10620,1,'数据字典','sys_dict_detail',107,'添加','','2016-03-17 19:24:43',1),(10621,1,'数据字典','sys_dict_detail',108,'添加','','2016-03-17 19:25:19',1),(10622,1,'数据字典','sys_dict_detail',109,'添加','','2016-03-17 19:25:49',1),(10623,1,'数据字典','sys_dict_detail',110,'添加','','2016-03-17 19:26:27',1),(10624,1,'数据字典','sys_dict_detail',111,'添加','','2016-03-17 19:26:54',1),(10625,1,'数据字典','sys_dict_detail',112,'添加','','2016-03-17 19:27:59',1),(10626,1,'数据字典','sys_dict_detail',113,'添加','','2016-03-17 19:28:28',1),(10627,1,'数据字典','sys_dict_detail',114,'添加','','2016-03-17 19:28:59',1),(10628,1,'数据字典','sys_dict_detail',115,'添加','','2016-03-17 19:29:48',1),(10629,1,'数据字典','sys_dict_detail',116,'添加','','2016-03-17 19:30:09',1),(10630,1,'数据字典','sys_dict_detail',117,'添加','','2016-03-17 19:54:33',1),(10631,1,'数据字典','sys_dict_detail',118,'添加','','2016-03-17 19:55:07',1),(10632,2,'用户管理','sys_user',1,'登入','','2016-03-17 21:06:34',1),(10633,1,NULL,'recruiting_trip',1,'添加','','2016-03-17 21:11:34',1),(10634,1,NULL,'recruiting_trip',2,'添加','','2016-03-17 21:21:58',1),(10635,1,NULL,'recruiting_trip',1,'更新','','2016-03-17 21:22:19',1),(10636,1,NULL,'recruiting_trip',2,'更新','','2016-03-17 21:22:28',1),(10637,1,NULL,'recruiting_trip',3,'添加','','2016-03-17 21:23:19',1),(10638,1,NULL,'recruiting_trip',4,'添加','','2016-03-17 21:24:23',1),(10639,1,'访问量统计','tb_pageview',101,'添加','','2016-03-17 21:28:33',0),(10640,1,NULL,'recruiting_trip',5,'添加','','2016-03-17 22:02:02',1),(10641,1,'访问量统计','tb_pageview',102,'添加','','2016-03-18 08:20:45',0),(10642,1,NULL,'tb_folder_roll_picture',25,'添加','','2016-03-18 08:55:48',1),(10643,1,NULL,'tb_folder_roll_picture',25,'更新','','2016-03-18 09:00:03',1),(10644,1,NULL,'tb_folder_roll_picture',25,'更新','','2016-03-18 09:02:11',1),(10645,1,NULL,'tb_folder_roll_picture',25,'更新','','2016-03-18 09:04:02',1),(10646,1,NULL,'tb_folder_roll_picture',26,'添加','','2016-03-18 09:06:56',1),(10647,1,NULL,'tb_folder_roll_picture',27,'添加','','2016-03-18 09:10:27',1),(10648,1,NULL,'tb_folder_roll_picture',28,'添加','','2016-03-18 09:12:43',1),(10649,1,NULL,'tb_folder_roll_picture',26,'更新','','2016-03-18 09:25:41',1),(10650,1,NULL,'tb_folder_roll_picture',27,'更新','','2016-03-18 09:25:47',1),(10651,1,NULL,'tb_folder_roll_picture',28,'更新','','2016-03-18 09:25:53',1),(10652,1,NULL,'tb_folder_roll_picture',29,'添加','','2016-03-18 09:57:42',1),(10653,1,NULL,'tb_folder_roll_picture',29,'更新','','2016-03-18 09:59:35',1),(10654,1,NULL,'tb_folder_roll_picture',30,'添加','','2016-03-18 10:00:38',1),(10655,1,NULL,'tb_folder_roll_picture',31,'添加','','2016-03-18 10:01:28',1),(10656,1,NULL,'tb_folder_roll_picture',32,'添加','','2016-03-18 10:02:35',1),(10657,1,NULL,'tb_folder_roll_picture',33,'添加','','2016-03-18 10:03:45',1),(10658,1,NULL,'tb_folder_roll_picture',34,'添加','','2016-03-18 10:05:35',1),(10659,1,NULL,'tb_folder_roll_picture',29,'更新','','2016-03-18 10:06:48',1),(10660,1,NULL,'tb_folder_roll_picture',30,'更新','','2016-03-18 10:07:05',1),(10661,1,NULL,'tb_folder_roll_picture',31,'更新','','2016-03-18 10:08:17',1),(10662,1,NULL,'tb_folder_roll_picture',32,'更新','','2016-03-18 10:10:39',1),(10663,1,NULL,'tb_folder_roll_picture',33,'更新','','2016-03-18 10:12:25',1),(10664,1,NULL,'tb_folder_roll_picture',34,'更新','','2016-03-18 10:12:34',1),(10665,1,NULL,'tb_folder_roll_picture',35,'添加','','2016-03-18 10:55:01',1),(10666,1,NULL,'tb_folder_roll_picture',35,'更新','','2016-03-18 10:55:13',1),(10667,1,NULL,'tb_folder_roll_picture',36,'添加','','2016-03-18 10:56:39',1),(10668,1,NULL,'tb_folder_roll_picture',37,'添加','','2016-03-18 10:58:04',1),(10669,1,NULL,'tb_folder_roll_picture',38,'添加','','2016-03-18 10:59:07',1),(10670,1,NULL,'tb_folder_roll_picture',39,'添加','','2016-03-18 11:00:46',1),(10671,1,NULL,'tb_folder_roll_picture',40,'添加','','2016-03-18 11:01:34',1),(10672,1,NULL,'tb_folder_roll_picture',41,'添加','','2016-03-18 11:02:15',1),(10673,1,NULL,'tb_folder_roll_picture',42,'添加','','2016-03-18 11:02:46',1),(10674,1,NULL,'tb_folder_roll_picture',43,'添加','','2016-03-18 11:03:23',1),(10675,1,NULL,'tb_folder_roll_picture',44,'添加','','2016-03-18 11:36:25',1),(10676,1,NULL,'tb_folder_roll_picture',44,'更新','','2016-03-18 11:37:30',1),(10677,1,NULL,'tb_folder_roll_picture',44,'更新','','2016-03-18 13:41:09',1),(10678,1,NULL,'tb_folder_roll_picture',44,'更新','','2016-03-18 13:44:09',1),(10679,1,NULL,'tb_folder_roll_picture',45,'添加','','2016-03-18 13:52:53',1),(10680,1,NULL,'tb_folder_roll_picture',45,'更新','','2016-03-18 13:56:59',1),(10681,1,NULL,'tb_folder_roll_picture',45,'更新','','2016-03-18 13:58:21',1),(10682,1,NULL,'tb_folder_roll_picture',45,'更新','','2016-03-18 14:16:51',1),(10683,1,NULL,'tb_folder_roll_picture',45,'更新','','2016-03-18 14:19:00',1),(10684,1,NULL,'tb_folder_roll_picture',46,'添加','','2016-03-18 14:29:58',1),(10685,1,NULL,'tb_folder_roll_picture',47,'添加','','2016-03-18 14:31:03',1),(10686,1,NULL,'tb_folder_roll_picture',48,'添加','','2016-03-18 15:07:50',1),(10687,1,NULL,'tb_folder_roll_picture',48,'更新','','2016-03-18 15:08:47',1),(10688,1,NULL,'tb_folder_roll_picture',49,'添加','','2016-03-18 15:11:05',1),(10689,1,NULL,'tb_folder_roll_picture',50,'添加','','2016-03-18 15:14:16',1),(10690,1,NULL,'tb_folder_roll_picture',51,'添加','','2016-03-18 15:14:59',1),(10691,1,NULL,'tb_folder_roll_picture',52,'添加','','2016-03-18 15:15:42',1),(10692,1,NULL,'tb_folder_roll_picture',53,'添加','','2016-03-18 15:16:24',1),(10693,1,NULL,'tb_folder_roll_picture',54,'添加','','2016-03-18 15:16:57',1),(10694,1,NULL,'tb_folder_roll_picture',55,'添加','','2016-03-18 16:11:04',1),(10695,1,NULL,'tb_folder_roll_picture',56,'添加','','2016-03-18 16:12:40',1),(10696,1,NULL,'tb_folder_roll_picture',55,'更新','','2016-03-18 16:12:46',1),(10697,1,NULL,'tb_folder_roll_picture',57,'添加','','2016-03-18 16:13:10',1),(10698,1,NULL,'tb_folder_roll_picture',58,'添加','','2016-03-18 16:13:33',1),(10699,1,NULL,'tb_folder_roll_picture',59,'添加','','2016-03-18 16:13:59',1),(10700,1,NULL,'tb_folder_roll_picture',60,'添加','','2016-03-18 16:14:26',1),(10701,1,NULL,'tb_folder_roll_picture',55,'更新','','2016-03-18 16:14:40',1),(10702,1,NULL,'tb_folder_roll_picture',56,'更新','','2016-03-18 16:14:52',1),(10703,1,NULL,'tb_folder_roll_picture',57,'更新','','2016-03-18 16:15:03',1),(10704,1,NULL,'tb_folder_roll_picture',58,'更新','','2016-03-18 16:15:14',1),(10705,1,NULL,'tb_folder_roll_picture',59,'更新','','2016-03-18 16:15:23',1),(10706,1,NULL,'tb_folder_roll_picture',60,'更新','','2016-03-18 16:15:29',1),(10707,1,NULL,'recruiting_trip',6,'添加','','2016-03-18 17:27:44',1),(10708,1,NULL,'recruiting_trip',7,'添加','','2016-03-18 17:28:43',1),(10709,1,NULL,'recruiting_trip',8,'添加','','2016-03-18 17:29:13',1),(10710,1,NULL,'recruiting_trip',9,'添加','','2016-03-18 17:29:47',1),(10711,1,NULL,'recruiting_trip',6,'更新','','2016-03-18 17:31:30',1),(10712,1,NULL,'recruiting_trip',7,'更新','','2016-03-18 17:31:36',1),(10713,1,NULL,'recruiting_trip',8,'更新','','2016-03-18 17:31:41',1),(10714,1,NULL,'recruiting_trip',9,'更新','','2016-03-18 17:31:46',1),(10715,1,NULL,'recruiting_trip',10,'添加','','2016-03-18 17:33:37',1),(10716,2,'用户管理','sys_user',6,'登入','','2016-03-18 19:58:14',6),(10717,2,'用户管理','sys_user',7,'登入','','2016-03-18 20:13:46',7),(10718,1,'访问量统计','tb_pageview',103,'添加','','2016-03-18 20:23:46',0),(10719,1,'访问量统计','tb_pageview',104,'添加','','2016-03-18 20:25:48',0),(10720,1,'访问量统计','tb_pageview',105,'添加','','2016-03-18 20:45:49',0),(10721,1,'访问量统计','tb_pageview',106,'添加','','2016-03-18 21:10:37',0),(10722,2,'用户管理','sys_user',7,'登入','','2016-03-18 21:48:37',7),(10723,2,'用户管理','sys_user',7,'登入','','2016-03-18 21:51:08',7),(10724,2,'用户管理','sys_user',1,'登入','','2016-03-18 22:02:11',1),(10725,1,'访问量统计','tb_pageview',107,'添加','','2016-03-19 09:18:13',0),(10726,2,'用户管理','sys_user',11,'登入','','2016-03-19 09:20:58',11),(10727,2,'用户管理','sys_user',1,'登入','','2016-03-19 09:22:04',1),(10728,2,'用户管理','sys_user',12,'登入','','2016-03-19 10:33:25',12),(10729,2,'用户管理','sys_user',12,'登入','','2016-03-19 10:35:51',12),(10730,2,'用户管理','sys_user',1,'登入','','2016-03-19 10:37:11',1),(10731,2,'用户管理','sys_user',1,'登入','','2016-03-19 10:58:16',1),(10732,1,'文章管理','tb_article',1,'更新','','2016-03-19 11:13:12',0),(10733,1,'文章管理','tb_article',2,'删除','','2016-03-19 11:14:03',1),(10734,1,'文章管理','tb_article',3,'删除','','2016-03-19 11:14:06',1),(10735,1,'文章管理','tb_article',4,'删除','','2016-03-19 11:14:10',1),(10736,1,'文章管理','tb_article',5,'删除','','2016-03-19 11:14:13',1),(10737,1,'文章管理','tb_article',6,'删除','','2016-03-19 11:14:15',1),(10738,1,'文章管理','tb_article',7,'删除','','2016-03-19 11:14:23',1),(10739,2,'用户管理','sys_user',13,'登入','','2016-03-19 11:38:30',13),(10740,2,'用户管理','sys_user',1,'登入','','2016-03-19 13:35:25',1),(10741,2,'用户管理','sys_user',1,'登入','','2016-03-19 13:36:57',1),(10742,1,'目录管理','tb_folder',13,'删除','','2016-03-19 14:01:24',1),(10743,1,'目录管理','tb_folder',100,'删除','','2016-03-19 14:01:28',1),(10744,1,NULL,'tb_folder_roll_picture',48,'更新','','2016-03-19 14:08:56',1),(10745,1,NULL,'tb_folder_roll_picture',25,'更新','','2016-03-19 14:25:42',1),(10746,2,'用户管理','sys_user',13,'登入','','2016-03-19 14:38:33',13),(10747,2,'用户管理','sys_user',15,'登入','','2016-03-19 14:52:07',15),(10748,2,'用户管理','sys_user',1,'登入','','2016-03-19 14:53:09',1),(10749,1,'访问量统计','tb_pageview',108,'添加','','2016-03-20 16:00:10',0),(10750,2,'用户管理','sys_user',1,'登入','','2016-03-20 16:16:25',1),(10751,2,'用户管理','sys_user',1,'登入','','2016-03-20 16:27:45',1),(10752,2,'用户管理','sys_user',1,'登入','','2016-03-20 16:47:42',1),(10753,2,'用户管理','sys_user',1,'登入','','2016-03-20 18:41:53',1),(10754,2,'用户管理','sys_user',1,'登入','','2016-03-20 20:56:14',1),(10755,1,NULL,'tb_folder_roll_picture',61,'添加','','2016-03-20 20:57:35',1),(10756,1,NULL,'tb_folder_roll_picture',61,'更新','','2016-03-20 21:03:05',1),(10757,1,NULL,'tb_folder_roll_picture',61,'更新','','2016-03-20 21:22:02',1),(10758,1,NULL,'tb_folder_roll_picture',62,'添加','','2016-03-20 21:47:17',1),(10759,1,NULL,'tb_folder_roll_picture',62,'更新','','2016-03-20 21:47:43',1),(10760,1,NULL,'tb_folder_roll_picture',62,'更新','','2016-03-20 21:48:52',1),(10761,1,NULL,'tb_folder_roll_picture',62,'更新','','2016-03-20 22:08:21',1),(10762,1,NULL,'tb_folder_roll_picture',63,'添加','','2016-03-20 22:16:34',1),(10763,1,NULL,'tb_folder_roll_picture',63,'更新','','2016-03-20 22:20:05',1),(10764,1,'访问量统计','tb_pageview',109,'添加','','2016-03-21 07:21:33',0),(10765,1,NULL,'tb_folder_roll_picture',48,'更新','','2016-03-21 08:37:45',1),(10766,1,NULL,'tb_folder_roll_picture',49,'更新','','2016-03-21 08:37:50',1),(10767,1,NULL,'tb_folder_roll_picture',50,'更新','','2016-03-21 08:38:08',1),(10768,1,NULL,'tb_folder_roll_picture',51,'更新','','2016-03-21 08:38:14',1),(10769,1,NULL,'tb_folder_roll_picture',52,'更新','','2016-03-21 08:38:25',1),(10770,1,NULL,'tb_folder_roll_picture',53,'更新','','2016-03-21 08:38:30',1),(10771,1,NULL,'tb_folder_roll_picture',54,'更新','','2016-03-21 08:38:36',1),(10772,1,NULL,'tb_folder_roll_picture',64,'添加','','2016-03-21 08:47:40',1),(10773,1,NULL,'tb_folder_roll_picture',64,'更新','','2016-03-21 08:48:49',1),(10774,1,NULL,'tb_folder_roll_picture',48,'更新','','2016-03-21 09:18:49',1),(10775,1,NULL,'tb_folder_roll_picture',49,'更新','','2016-03-21 09:25:55',1),(10776,1,NULL,'tb_folder_roll_picture',50,'更新','','2016-03-21 09:26:07',1),(10777,1,NULL,'tb_folder_roll_picture',51,'更新','','2016-03-21 09:26:18',1),(10778,1,NULL,'tb_folder_roll_picture',52,'更新','','2016-03-21 09:26:36',1),(10779,1,NULL,'tb_folder_roll_picture',53,'更新','','2016-03-21 09:26:47',1),(10780,1,NULL,'tb_folder_roll_picture',54,'更新','','2016-03-21 09:26:59',1),(10781,1,NULL,'tb_folder_roll_picture',65,'添加','','2016-03-21 09:52:57',1),(10782,1,NULL,'recruiting_trip',3,'更新','','2016-03-21 10:09:42',1),(10783,1,NULL,'recruiting_trip',1,'更新','','2016-03-21 11:57:19',1),(10784,1,NULL,'recruiting_trip',2,'更新','','2016-03-21 11:57:30',1),(10785,1,NULL,'recruiting_trip',2,'更新','','2016-03-21 11:57:44',1),(10786,1,NULL,'recruiting_trip',3,'更新','','2016-03-21 11:57:51',1),(10787,1,NULL,'recruiting_trip',4,'更新','','2016-03-21 11:58:05',1),(10788,1,NULL,'recruiting_trip',5,'更新','','2016-03-21 11:58:24',1),(10789,1,NULL,'recruiting_trip',6,'添加','','2016-03-21 12:00:01',1),(10790,1,NULL,'tb_folder_roll_picture',66,'添加','','2016-03-21 12:15:32',1),(10791,1,NULL,'tb_folder_roll_picture',26,'更新','','2016-03-21 12:35:49',1),(10792,1,NULL,'tb_folder_roll_picture',27,'更新','','2016-03-21 12:36:35',1),(10793,1,NULL,'tb_folder_roll_picture',28,'更新','','2016-03-21 12:37:17',1),(10794,1,NULL,'tb_folder_roll_picture',25,'更新','','2016-03-21 12:41:11',1),(10795,1,NULL,'tb_folder_roll_picture',25,'更新','','2016-03-21 12:42:26',1),(10796,1,NULL,'tb_folder_roll_picture',25,'更新','','2016-03-21 12:44:03',1),(10797,1,NULL,'tb_folder_roll_picture',25,'更新','','2016-03-21 12:45:07',1),(10798,1,NULL,'tb_folder_roll_picture',25,'更新','','2016-03-21 12:46:14',1),(10799,1,NULL,'tb_folder_roll_picture',25,'更新','','2016-03-21 12:46:29',1),(10800,1,NULL,'tb_folder_roll_picture',25,'更新','','2016-03-21 12:47:49',1),(10801,1,NULL,'tb_folder_roll_picture',25,'更新','','2016-03-21 13:05:53',1),(10802,1,NULL,'tb_folder_roll_picture',25,'更新','','2016-03-21 13:06:26',1),(10803,1,NULL,'tb_folder_roll_picture',26,'更新','','2016-03-21 13:07:22',1),(10804,1,NULL,'tb_folder_roll_picture',27,'更新','','2016-03-21 13:08:15',1),(10805,1,NULL,'tb_folder_roll_picture',28,'更新','','2016-03-21 13:08:29',1),(10806,1,NULL,'tb_folder_roll_picture',29,'更新','','2016-03-21 15:15:33',1),(10807,1,NULL,'tb_folder_roll_picture',29,'更新','','2016-03-21 15:16:05',1),(10808,1,NULL,'tb_folder_roll_picture',30,'更新','','2016-03-21 15:17:17',1),(10809,1,NULL,'tb_folder_roll_picture',31,'更新','','2016-03-21 15:17:29',1),(10810,1,NULL,'tb_folder_roll_picture',32,'更新','','2016-03-21 15:17:40',1),(10811,1,NULL,'tb_folder_roll_picture',33,'更新','','2016-03-21 15:17:54',1),(10812,1,NULL,'tb_folder_roll_picture',35,'更新','','2016-03-21 15:53:09',1),(10813,1,NULL,'tb_folder_roll_picture',35,'更新','','2016-03-21 15:53:56',1),(10814,1,NULL,'tb_folder_roll_picture',36,'更新','','2016-03-21 16:19:43',1),(10815,1,NULL,'tb_folder_roll_picture',36,'更新','','2016-03-21 16:20:09',1),(10816,1,NULL,'tb_folder_roll_picture',37,'更新','','2016-03-21 16:21:30',1),(10817,1,NULL,'tb_folder_roll_picture',38,'更新','','2016-03-21 16:23:04',1),(10818,1,NULL,'tb_folder_roll_picture',39,'更新','','2016-03-21 16:25:28',1),(10819,1,NULL,'tb_folder_roll_picture',40,'更新','','2016-03-21 16:26:58',1),(10820,1,NULL,'tb_folder_roll_picture',41,'更新','','2016-03-21 16:29:17',1),(10821,1,NULL,'tb_folder_roll_picture',42,'更新','','2016-03-21 16:29:30',1),(10822,1,NULL,'tb_folder_roll_picture',43,'更新','','2016-03-21 16:29:44',1),(10823,1,NULL,'tb_folder_roll_picture',42,'更新','','2016-03-21 16:30:15',1),(10824,1,NULL,'tb_folder_roll_picture',43,'更新','','2016-03-21 16:30:48',1),(10825,1,NULL,'tb_folder_roll_picture',35,'更新','','2016-03-21 17:04:04',1),(10826,1,NULL,'tb_folder_roll_picture',36,'更新','','2016-03-21 17:04:10',1),(10827,1,NULL,'tb_folder_roll_picture',37,'更新','','2016-03-21 17:04:17',1),(10828,1,NULL,'tb_folder_roll_picture',38,'更新','','2016-03-21 17:04:25',1),(10829,1,NULL,'tb_folder_roll_picture',39,'更新','','2016-03-21 17:04:32',1),(10830,1,NULL,'tb_folder_roll_picture',40,'更新','','2016-03-21 17:04:39',1),(10831,1,NULL,'tb_folder_roll_picture',41,'更新','','2016-03-21 17:04:46',1),(10832,1,NULL,'tb_folder_roll_picture',42,'更新','','2016-03-21 17:04:53',1),(10833,1,NULL,'tb_folder_roll_picture',43,'更新','','2016-03-21 17:04:59',1),(10834,1,NULL,'tb_folder_roll_picture',67,'添加','','2016-03-21 18:22:22',1),(10835,1,NULL,'tb_folder_roll_picture',67,'更新','','2016-03-21 18:22:43',1),(10836,1,NULL,'tb_folder_roll_picture',65,'更新','','2016-03-21 18:23:20',1),(10837,1,NULL,'tb_folder_roll_picture',66,'更新','','2016-03-21 18:23:27',1),(10838,1,NULL,'tb_folder_roll_picture',64,'更新','','2016-03-21 18:23:34',1),(10839,1,NULL,'tb_folder_roll_picture',63,'更新','','2016-03-21 18:23:42',1),(10840,1,NULL,'tb_folder_roll_picture',62,'更新','','2016-03-21 18:23:49',1),(10841,1,NULL,'tb_folder_roll_picture',61,'更新','','2016-03-21 18:23:56',1),(10842,1,NULL,'tb_folder_roll_picture',68,'添加','','2016-03-21 18:57:20',1),(10843,1,NULL,'tb_folder_roll_picture',68,'更新','','2016-03-21 18:57:55',1),(10844,1,NULL,'tb_folder_roll_picture',68,'更新','','2016-03-21 18:58:15',1),(10845,1,NULL,'tb_folder_roll_picture',69,'添加','','2016-03-21 19:11:49',1),(10846,1,NULL,'tb_folder_roll_picture',70,'添加','','2016-03-21 19:18:17',1),(10847,1,NULL,'tb_folder_roll_picture',71,'添加','','2016-03-21 19:29:29',1),(10848,1,NULL,'tb_folder_roll_picture',72,'添加','','2016-03-21 19:32:11',1),(10849,1,NULL,'tb_folder_roll_picture',72,'更新','','2016-03-21 19:35:02',1),(10850,2,'用户管理','sys_user',16,'登入','','2016-03-21 19:46:19',16),(10851,2,'用户管理','sys_user',1,'登入','','2016-03-21 21:46:42',1),(10852,1,'访问量统计','tb_pageview',110,'添加','','2016-03-22 07:52:33',0),(10853,1,NULL,'tb_folder_roll_picture',48,'更新','','2016-03-22 08:17:43',1),(10854,1,NULL,'tb_folder_roll_picture',48,'更新','','2016-03-22 09:38:03',1),(10855,1,NULL,'tb_folder_roll_picture',48,'更新','','2016-03-22 09:44:57',1),(10856,1,NULL,'tb_folder_roll_picture',48,'更新','','2016-03-22 09:47:33',1),(10857,1,NULL,'tb_folder_roll_picture',48,'更新','','2016-03-22 09:48:52',1),(10858,1,'访问量统计','tb_pageview',111,'添加','','2016-03-22 14:49:32',0),(10859,1,NULL,'tb_folder_roll_picture',48,'更新','','2016-03-22 15:41:35',1),(10860,1,NULL,'tb_folder_roll_picture',48,'更新','','2016-03-22 15:46:04',1),(10861,1,NULL,'tb_folder_roll_picture',48,'更新','','2016-03-22 15:47:54',1),(10862,1,NULL,'tb_folder_roll_picture',48,'更新','','2016-03-22 15:49:28',1),(10863,1,NULL,'tb_folder_roll_picture',19,'更新','','2016-03-22 18:40:11',1),(10864,1,NULL,'tb_folder_roll_picture',61,'更新','','2016-03-22 20:06:01',1),(10865,1,NULL,'tb_folder_roll_picture',62,'更新','','2016-03-22 20:06:19',1),(10866,1,NULL,'tb_folder_roll_picture',63,'更新','','2016-03-22 20:06:35',1),(10867,1,NULL,'tb_folder_roll_picture',64,'更新','','2016-03-22 20:06:49',1),(10868,1,NULL,'tb_folder_roll_picture',66,'更新','','2016-03-22 20:07:30',1),(10869,1,NULL,'tb_folder_roll_picture',65,'更新','','2016-03-22 20:07:47',1),(10870,1,NULL,'tb_folder_roll_picture',25,'更新','','2016-03-22 20:41:48',1),(10871,1,NULL,'tb_folder_roll_picture',26,'更新','','2016-03-22 20:42:00',1),(10872,1,NULL,'tb_folder_roll_picture',27,'更新','','2016-03-22 20:42:07',1),(10873,1,NULL,'tb_folder_roll_picture',28,'更新','','2016-03-22 20:45:51',1),(10874,1,NULL,'tb_folder_roll_picture',25,'更新','','2016-03-22 20:50:06',1),(10875,1,NULL,'tb_folder_roll_picture',26,'更新','','2016-03-22 20:50:28',1),(10876,1,NULL,'tb_folder_roll_picture',27,'更新','','2016-03-22 20:50:51',1),(10877,1,NULL,'tb_folder_roll_picture',28,'更新','','2016-03-22 20:51:10',1),(10878,1,NULL,'tb_folder_roll_picture',29,'更新','','2016-03-22 20:59:32',1),(10879,1,NULL,'tb_folder_roll_picture',30,'更新','','2016-03-22 20:59:43',1),(10880,1,NULL,'tb_folder_roll_picture',30,'更新','','2016-03-22 21:00:04',1),(10881,1,NULL,'tb_folder_roll_picture',31,'更新','','2016-03-22 21:00:28',1),(10882,1,NULL,'tb_folder_roll_picture',32,'更新','','2016-03-22 21:01:04',1),(10883,1,NULL,'tb_folder_roll_picture',33,'更新','','2016-03-22 21:01:18',1),(10884,1,NULL,'tb_folder_roll_picture',34,'更新','','2016-03-22 21:03:38',1),(10885,1,NULL,'tb_folder_roll_picture',35,'更新','','2016-03-22 21:06:28',1),(10886,1,NULL,'tb_folder_roll_picture',36,'更新','','2016-03-22 21:06:39',1),(10887,1,NULL,'tb_folder_roll_picture',37,'更新','','2016-03-22 21:07:02',1),(10888,1,NULL,'tb_folder_roll_picture',38,'更新','','2016-03-22 21:07:11',1),(10889,1,NULL,'tb_folder_roll_picture',39,'更新','','2016-03-22 21:07:23',1),(10890,1,NULL,'tb_folder_roll_picture',40,'更新','','2016-03-22 21:07:39',1),(10891,1,NULL,'tb_folder_roll_picture',41,'更新','','2016-03-22 21:07:49',1),(10892,1,NULL,'tb_folder_roll_picture',42,'更新','','2016-03-22 21:08:02',1),(10893,1,NULL,'tb_folder_roll_picture',43,'更新','','2016-03-22 21:08:11',1),(10894,1,NULL,'tb_folder_roll_picture',44,'更新','','2016-03-22 21:13:13',1),(10895,1,NULL,'tb_folder_roll_picture',45,'更新','','2016-03-22 21:13:26',1),(10896,1,NULL,'tb_folder_roll_picture',67,'更新','','2016-03-22 21:14:54',1),(10897,1,NULL,'tb_folder_roll_picture',67,'更新','','2016-03-22 21:15:02',1),(10898,1,NULL,'tb_folder_roll_picture',68,'更新','','2016-03-22 21:15:11',1),(10899,1,NULL,'tb_folder_roll_picture',69,'更新','','2016-03-22 21:16:21',1),(10900,1,NULL,'tb_folder_roll_picture',70,'更新','','2016-03-22 21:40:27',1),(10901,1,NULL,'tb_folder_roll_picture',71,'更新','','2016-03-22 21:41:32',1),(10902,1,NULL,'tb_folder_roll_picture',72,'更新','','2016-03-22 21:42:30',1),(10903,1,'访问量统计','tb_pageview',112,'添加','','2016-03-23 10:55:53',0),(10904,1,NULL,'tb_folder_roll_picture',48,'更新','','2016-03-23 12:11:49',1),(10905,1,NULL,'tb_folder_roll_picture',48,'更新','','2016-03-23 12:15:27',1),(10906,1,NULL,'tb_folder_roll_picture',48,'更新','','2016-03-23 12:16:34',1),(10907,1,'访问量统计','tb_pageview',113,'添加','','2016-03-23 13:16:40',0),(10908,2,'用户管理','sys_user',1,'登入','','2016-03-23 22:17:56',1),(10909,2,'用户管理','sys_user',21,'登入','','2016-03-23 22:22:52',21),(10910,1,'访问量统计','tb_pageview',114,'添加','','2016-03-24 08:46:15',0),(10911,2,'用户管理','sys_user',1,'登入','','2016-03-24 08:46:54',1),(10912,2,'用户管理','sys_user',21,'登入','','2016-03-24 09:35:27',21),(10913,1,'访问量统计','tb_pageview',115,'添加','','2016-03-24 09:53:23',0),(10914,2,'用户管理','sys_user',1,'登入','','2016-03-24 10:39:11',1),(10915,2,'用户管理','sys_user',21,'登入','','2016-03-24 15:27:39',21),(10916,2,'用户管理','sys_user',1,'登入','','2016-03-24 19:10:42',1),(10917,2,'用户管理','sys_user',1,'登入','','2016-03-24 22:48:46',1),(10918,2,'用户管理','sys_user',22,'登入','','2016-03-24 23:31:47',22),(10919,2,'用户管理','sys_user',1,'登入','','2016-03-24 23:32:29',1),(10920,2,'用户管理','sys_user',22,'登入','','2016-03-24 23:34:01',22),(10921,2,'用户管理','sys_user',1,'登入','','2016-03-24 23:34:25',1),(10922,1,'访问量统计','tb_pageview',116,'添加','','2016-03-25 10:07:58',0),(10923,1,'访问量统计','tb_pageview',117,'添加','','2016-03-25 11:22:59',0),(10924,2,'用户管理','sys_user',1,'登入','','2016-03-25 12:49:19',1),(10925,1,'访问量统计','tb_pageview',118,'添加','','2016-03-26 08:47:52',0),(10926,2,'用户管理','sys_user',1,'登入','','2016-03-26 10:30:09',1),(10927,2,'用户管理','sys_user',1,'登入','','2016-03-26 10:58:05',1),(10928,2,'用户管理','sys_user',29,'登入','','2016-03-26 12:39:44',29),(10929,2,'用户管理','sys_user',1,'登入','','2016-03-26 12:41:14',1),(10930,1,NULL,'tb_folder_roll_picture',48,'更新','','2016-03-26 12:47:24',1),(10931,1,NULL,'tb_folder_roll_picture',48,'更新','','2016-03-26 12:47:38',1),(10932,1,NULL,'tb_folder_roll_picture',55,'更新','','2016-03-26 19:04:45',1),(10933,1,NULL,'tb_folder_roll_picture',56,'更新','','2016-03-26 19:09:00',1),(10934,1,NULL,'tb_folder_roll_picture',57,'更新','','2016-03-26 19:09:08',1),(10935,1,NULL,'tb_folder_roll_picture',58,'更新','','2016-03-26 19:09:17',1),(10936,1,NULL,'tb_folder_roll_picture',59,'更新','','2016-03-26 19:09:24',1),(10937,1,NULL,'tb_folder_roll_picture',60,'更新','','2016-03-26 19:09:29',1),(10938,1,NULL,'tb_folder_roll_picture',48,'更新','','2016-03-26 19:16:30',1),(10939,1,NULL,'tb_folder_roll_picture',55,'更新','','2016-03-26 19:22:46',1),(10940,1,NULL,'tb_folder_roll_picture',55,'更新','','2016-03-26 19:36:42',1),(10941,1,NULL,'tb_folder_roll_picture',55,'更新','','2016-03-26 19:41:53',1),(10942,1,NULL,'tb_folder_roll_picture',55,'更新','','2016-03-26 19:43:38',1),(10943,1,NULL,'tb_folder_roll_picture',55,'更新','','2016-03-26 19:44:49',1),(10944,1,NULL,'tb_folder_roll_picture',55,'更新','','2016-03-26 19:48:07',1),(10945,1,NULL,'tb_folder_roll_picture',71,'更新','','2016-03-26 19:53:01',1),(10946,2,'用户管理','sys_user',1,'登入','','2016-03-26 19:57:03',1),(10947,1,NULL,'tb_folder_roll_picture',48,'更新','','2016-03-26 19:57:43',1),(10948,1,NULL,'tb_folder_roll_picture',49,'更新','','2016-03-26 19:57:48',1),(10949,1,NULL,'tb_folder_roll_picture',50,'更新','','2016-03-26 19:57:56',1),(10950,1,NULL,'tb_folder_roll_picture',51,'更新','','2016-03-26 19:58:13',1),(10951,1,NULL,'tb_folder_roll_picture',52,'更新','','2016-03-26 19:58:24',1),(10952,1,NULL,'tb_folder_roll_picture',53,'更新','','2016-03-26 19:58:29',1),(10953,1,NULL,'tb_folder_roll_picture',54,'更新','','2016-03-26 19:58:35',1),(10954,1,NULL,'tb_folder_roll_picture',65,'更新','','2016-03-26 19:58:42',1),(10955,1,NULL,'tb_folder_roll_picture',66,'更新','','2016-03-26 19:58:48',1),(10956,1,NULL,'tb_folder_roll_picture',1,'更新','','2016-03-26 19:59:05',1),(10957,1,NULL,'tb_folder_roll_picture',2,'更新','','2016-03-26 19:59:13',1),(10958,1,NULL,'tb_folder_roll_picture',3,'更新','','2016-03-26 19:59:19',1),(10959,1,NULL,'tb_folder_roll_picture',4,'更新','','2016-03-26 19:59:26',1),(10960,1,NULL,'tb_folder_roll_picture',5,'更新','','2016-03-26 19:59:31',1),(10961,1,NULL,'tb_folder_roll_picture',6,'更新','','2016-03-26 19:59:36',1),(10962,1,NULL,'tb_folder_roll_picture',7,'更新','','2016-03-26 19:59:41',1),(10963,1,NULL,'tb_folder_roll_picture',55,'更新','','2016-03-26 19:59:47',1),(10964,1,NULL,'tb_folder_roll_picture',56,'更新','','2016-03-26 19:59:53',1),(10965,1,NULL,'tb_folder_roll_picture',55,'更新','','2016-03-26 20:00:01',1),(10966,1,NULL,'tb_folder_roll_picture',56,'更新','','2016-03-26 20:00:07',1),(10967,1,NULL,'tb_folder_roll_picture',57,'更新','','2016-03-26 20:00:14',1),(10968,1,NULL,'tb_folder_roll_picture',58,'更新','','2016-03-26 20:00:24',1),(10969,1,NULL,'tb_folder_roll_picture',59,'更新','','2016-03-26 20:00:29',1),(10970,1,NULL,'tb_folder_roll_picture',60,'更新','','2016-03-26 20:00:37',1),(10971,1,NULL,'tb_folder_roll_picture',19,'更新','','2016-03-26 20:00:46',1),(10972,1,NULL,'tb_folder_roll_picture',18,'更新','','2016-03-26 20:00:52',1),(10973,1,NULL,'tb_folder_roll_picture',17,'更新','','2016-03-26 20:00:59',1),(10974,1,NULL,'tb_folder_roll_picture',16,'更新','','2016-03-26 20:01:05',1),(10975,1,NULL,'tb_folder_roll_picture',16,'更新','','2016-03-26 20:01:16',1),(10976,1,NULL,'tb_folder_roll_picture',15,'更新','','2016-03-26 20:01:22',1),(10977,1,NULL,'tb_folder_roll_picture',14,'更新','','2016-03-26 20:01:27',1),(10978,1,NULL,'tb_folder_roll_picture',13,'更新','','2016-03-26 20:01:35',1),(10979,1,NULL,'tb_folder_roll_picture',12,'更新','','2016-03-26 20:01:39',1),(10980,1,NULL,'tb_folder_roll_picture',11,'更新','','2016-03-26 20:01:43',1),(10981,1,NULL,'tb_folder_roll_picture',23,'更新','','2016-03-26 20:01:48',1),(10982,1,NULL,'tb_folder_roll_picture',23,'更新','','2016-03-26 20:01:53',1),(10983,1,NULL,'tb_folder_roll_picture',22,'更新','','2016-03-26 20:01:58',1),(10984,1,NULL,'tb_folder_roll_picture',21,'更新','','2016-03-26 20:02:02',1),(10985,1,NULL,'tb_folder_roll_picture',20,'更新','','2016-03-26 20:02:06',1),(10986,1,NULL,'tb_folder_roll_picture',24,'更新','','2016-03-26 20:02:11',1),(10987,1,NULL,'tb_folder_roll_picture',55,'更新','','2016-03-26 20:02:46',1),(10988,2,'用户管理','sys_user',1,'登入','','2016-03-26 21:26:06',1),(10989,1,NULL,'tb_folder_roll_picture',75,'更新','','2016-03-26 21:54:42',1),(10990,1,'访问量统计','tb_pageview',119,'添加','','2016-03-27 08:03:15',0),(10991,1,NULL,'tb_folder_roll_picture',76,'更新','','2016-03-27 08:34:35',1),(10992,1,'菜单管理','sys_menu',9,'删除','','2016-03-27 08:51:16',1),(10993,1,'菜单管理','sys_menu',9,'删除','','2016-03-27 08:51:23',1),(10994,1,'菜单管理','sys_menu',2,'删除','','2016-03-27 08:52:22',1),(10995,1,'菜单管理','sys_menu',22,'删除','','2016-03-27 08:52:49',1),(10996,1,'菜单管理','sys_menu',22,'删除','','2016-03-27 08:52:59',1),(10997,1,'菜单管理','sys_menu',22,'删除','','2016-03-27 08:53:26',1),(10998,1,'菜单管理','sys_menu',19,'删除','','2016-03-27 08:53:51',1),(10999,1,'菜单管理','sys_menu',19,'删除','','2016-03-27 08:54:18',1),(11000,1,'菜单管理','sys_menu',7,'删除','','2016-03-27 08:55:49',1),(11001,1,'菜单管理','sys_menu',10,'删除','','2016-03-27 08:56:01',1),(11002,1,'菜单管理','sys_menu',10,'删除','','2016-03-27 08:56:26',1),(11003,1,'数据字典','sys_dict_detail',68,'删除','','2016-03-27 08:57:00',1),(11004,1,'菜单管理','sys_menu',25,'删除','','2016-03-27 08:58:41',1),(11005,1,'菜单管理','sys_menu',24,'删除','','2016-03-27 08:58:46',1),(11006,1,'菜单管理','sys_menu',23,'删除','','2016-03-27 08:58:50',1),(11007,1,'菜单管理','sys_menu',26,'删除','','2016-03-27 08:58:55',1),(11008,1,'菜单管理','sys_menu',27,'删除','','2016-03-27 08:58:59',1),(11009,1,'菜单管理','sys_menu',12,'删除','','2016-03-27 08:59:03',1),(11010,1,'菜单管理','sys_menu',15,'删除','','2016-03-27 08:59:07',1),(11011,1,'菜单管理','sys_menu',15,'删除','','2016-03-27 08:59:46',1),(11012,1,'菜单管理','sys_menu',28,'添加','','2016-03-27 09:06:12',1),(11013,1,'菜单管理','sys_menu',28,'更新','','2016-03-27 09:09:16',1),(11014,1,'菜单管理','sys_menu',28,'更新','','2016-03-27 09:09:16',1),(11015,1,'菜单管理','sys_menu',28,'更新','','2016-03-27 09:10:11',1),(11016,1,'菜单管理','sys_menu',29,'添加','','2016-03-27 11:06:40',1),(11017,1,'菜单管理','sys_menu',29,'更新','','2016-03-27 12:09:49',1),(11018,1,'菜单管理','sys_menu',29,'更新','','2016-03-27 12:10:06',1),(11019,1,'菜单管理','sys_menu',11,'更新','','2016-03-27 12:10:24',1),(11020,1,NULL,'sys_account_passwd',105,'更新','','2016-03-27 12:28:48',0),(11021,1,NULL,'sys_account_passwd',105,'更新','','2016-03-27 12:28:54',0),(11022,1,NULL,'sys_account_passwd',105,'更新','','2016-03-27 12:29:01',0),(11023,1,NULL,'sys_account_passwd',105,'删除','','2016-03-27 12:29:14',0),(11024,1,NULL,'tb_folder_roll_picture',19,'更新','','2016-03-27 12:53:35',1),(11025,1,NULL,'tb_folder_roll_picture',18,'更新','','2016-03-27 12:53:57',1),(11026,1,NULL,'tb_folder_roll_picture',19,'更新','','2016-03-27 12:54:03',1),(11027,1,NULL,'tb_folder_roll_picture',19,'更新','','2016-03-27 12:54:40',1),(11028,1,NULL,'tb_folder_roll_picture',17,'更新','','2016-03-27 12:55:04',1),(11029,1,NULL,'tb_folder_roll_picture',16,'更新','','2016-03-27 12:55:12',1),(11030,1,NULL,'tb_folder_roll_picture',15,'更新','','2016-03-27 12:55:20',1),(11031,1,NULL,'tb_folder_roll_picture',14,'更新','','2016-03-27 12:55:28',1),(11032,1,NULL,'tb_folder_roll_picture',13,'更新','','2016-03-27 12:55:37',1),(11033,1,NULL,'tb_folder_roll_picture',12,'更新','','2016-03-27 12:55:45',1),(11034,1,NULL,'tb_folder_roll_picture',11,'更新','','2016-03-27 12:55:53',1),(11035,1,NULL,'tb_folder_roll_picture',19,'更新','','2016-03-27 13:30:12',1),(11036,1,NULL,'tb_folder_roll_picture',18,'更新','','2016-03-27 13:30:21',1),(11037,1,NULL,'tb_folder_roll_picture',17,'更新','','2016-03-27 13:30:30',1),(11038,1,NULL,'tb_folder_roll_picture',16,'更新','','2016-03-27 13:30:37',1),(11039,1,NULL,'tb_folder_roll_picture',15,'更新','','2016-03-27 13:30:43',1),(11040,1,NULL,'tb_folder_roll_picture',14,'更新','','2016-03-27 13:30:50',1),(11041,1,NULL,'tb_folder_roll_picture',13,'更新','','2016-03-27 13:30:56',1),(11042,1,NULL,'tb_folder_roll_picture',12,'更新','','2016-03-27 13:31:01',1),(11043,1,NULL,'tb_folder_roll_picture',23,'更新','','2016-03-27 13:32:11',1),(11044,1,NULL,'tb_folder_roll_picture',22,'更新','','2016-03-27 13:32:23',1),(11045,1,NULL,'tb_folder_roll_picture',23,'更新','','2016-03-27 13:32:30',1),(11046,1,NULL,'tb_folder_roll_picture',21,'更新','','2016-03-27 13:32:41',1),(11047,1,NULL,'tb_folder_roll_picture',21,'更新','','2016-03-27 13:32:54',1),(11048,1,NULL,'tb_folder_roll_picture',20,'更新','','2016-03-27 13:33:07',1),(11049,1,NULL,'tb_folder_roll_picture',24,'更新','','2016-03-27 13:33:57',1),(11050,1,NULL,'tb_folder_roll_picture',24,'更新','','2016-03-27 13:34:42',1),(11051,1,NULL,'tb_folder_roll_picture',19,'更新','','2016-03-27 13:35:17',1),(11052,1,NULL,'tb_folder_roll_picture',18,'更新','','2016-03-27 13:35:26',1),(11053,1,NULL,'tb_folder_roll_picture',17,'更新','','2016-03-27 13:35:39',1),(11054,1,NULL,'tb_folder_roll_picture',16,'更新','','2016-03-27 13:35:46',1),(11055,1,NULL,'tb_folder_roll_picture',15,'更新','','2016-03-27 13:35:58',1),(11056,1,NULL,'tb_folder_roll_picture',14,'更新','','2016-03-27 13:36:06',1),(11057,1,NULL,'tb_folder_roll_picture',13,'更新','','2016-03-27 13:36:13',1),(11058,1,NULL,'tb_folder_roll_picture',12,'更新','','2016-03-27 13:36:20',1),(11059,1,NULL,'tb_folder_roll_picture',11,'更新','','2016-03-27 13:36:28',1),(11060,1,NULL,'tb_folder_roll_picture',23,'更新','','2016-03-27 13:37:25',1),(11061,1,NULL,'tb_folder_roll_picture',22,'更新','','2016-03-27 13:37:36',1),(11062,1,NULL,'tb_folder_roll_picture',21,'更新','','2016-03-27 13:37:50',1),(11063,1,NULL,'tb_folder_roll_picture',20,'更新','','2016-03-27 13:38:00',1),(11064,1,NULL,'tb_folder_roll_picture',24,'更新','','2016-03-27 13:38:38',1),(11065,1,'目录管理','tb_folder',8,'删除','','2016-03-27 13:39:39',1),(11066,1,'目录管理','tb_folder',9,'删除','','2016-03-27 13:39:44',1),(11067,1,'目录管理','tb_folder',10,'删除','','2016-03-27 13:39:49',1),(11068,1,'目录管理','tb_folder',10,'删除','','2016-03-27 13:39:56',1),(11069,1,'目录管理','tb_folder',7,'删除','','2016-03-27 13:40:06',1),(11070,1,'目录管理','tb_folder',90,'删除','','2016-03-27 13:40:10',1),(11071,1,'目录管理','tb_folder',90,'删除','','2016-03-27 13:40:13',1),(11072,1,'数据字典','sys_dict_detail',22,'删除','','2016-03-27 13:42:23',1),(11073,1,'数据字典','sys_dict_detail',21,'删除','','2016-03-27 13:42:27',1),(11074,1,'目录管理','tb_folder',2,'更新','','2016-03-27 13:44:05',1),(11075,1,'目录管理','tb_folder',3,'更新','','2016-03-27 13:44:16',1),(11076,1,'目录管理','tb_folder',4,'更新','','2016-03-27 13:44:28',1),(11077,1,'目录管理','tb_folder',5,'更新','','2016-03-27 13:44:51',1),(11078,1,'目录管理','tb_folder',6,'更新','','2016-03-27 13:45:02',1),(11079,1,NULL,'recruiting_trip',5,'更新','','2016-03-27 13:46:23',1),(11080,1,NULL,'recruiting_trip',5,'更新','','2016-03-27 13:47:16',1),(11081,1,NULL,'recruiting_trip',5,'更新','','2016-03-27 13:47:24',1),(11082,1,NULL,'recruiting_trip',5,'更新','','2016-03-27 13:51:49',1),(11083,1,NULL,'recruiting_trip',5,'更新','','2016-03-27 13:53:04',1),(11084,1,NULL,'recruiting_trip',5,'更新','','2016-03-27 13:55:02',1),(11085,1,NULL,'recruiting_trip',5,'更新','','2016-03-27 13:56:50',1),(11086,1,NULL,'recruiting_trip',5,'更新','','2016-03-27 13:57:39',1),(11087,1,NULL,'recruiting_trip',5,'更新','','2016-03-27 13:58:09',1),(11088,1,NULL,'tb_folder_roll_picture',19,'更新','','2016-03-27 14:18:36',1),(11089,1,NULL,'tb_folder_roll_picture',19,'更新','','2016-03-27 14:19:16',1),(11090,1,NULL,'tb_folder_roll_picture',23,'更新','','2016-03-27 14:19:57',1),(11091,1,NULL,'tb_folder_roll_picture',22,'更新','','2016-03-27 14:21:15',1),(11092,1,NULL,'tb_folder_roll_picture',21,'更新','','2016-03-27 14:21:22',1),(11093,1,NULL,'tb_folder_roll_picture',20,'更新','','2016-03-27 14:21:29',1),(11094,1,NULL,'tb_folder_roll_picture',24,'更新','','2016-03-27 14:21:35',1),(11095,1,NULL,'tb_folder_roll_picture',24,'更新','','2016-03-27 14:22:36',1),(11096,1,NULL,'tb_folder_roll_picture',20,'更新','','2016-03-27 14:22:46',1),(11097,1,NULL,'tb_folder_roll_picture',21,'更新','','2016-03-27 14:22:53',1),(11098,1,NULL,'tb_folder_roll_picture',22,'更新','','2016-03-27 14:23:01',1),(11099,1,NULL,'tb_folder_roll_picture',23,'更新','','2016-03-27 14:23:12',1);

/*Table structure for table `sys_menu` */

DROP TABLE IF EXISTS `sys_menu`;

CREATE TABLE `sys_menu` (
  `id` int(11) NOT NULL AUTO_INCREMENT COMMENT 'id',
  `parentid` int(11) NOT NULL DEFAULT '0' COMMENT '父id',
  `name` varchar(200) NOT NULL DEFAULT '' COMMENT '名称/11111',
  `urlkey` varchar(256) DEFAULT NULL COMMENT '菜单key',
  `url` varchar(256) DEFAULT NULL COMMENT '链接地址',
  `status` int(11) DEFAULT '1' COMMENT '状态//radio/2,隐藏,1,显示',
  `type` int(11) DEFAULT '1' COMMENT '类型//select/1,根目录,2,a标签,3,a标签_blank,4,外部url',
  `sort` int(11) DEFAULT '1' COMMENT '排序',
  `level` int(11) DEFAULT '1' COMMENT '级别',
  `create_time` varchar(64) DEFAULT NULL COMMENT '创建时间',
  `create_id` int(11) DEFAULT '0' COMMENT '创建者',
  PRIMARY KEY (`id`)
) ENGINE=InnoDB AUTO_INCREMENT=30 DEFAULT CHARSET=utf8 COMMENT='菜单';

/*Data for the table `sys_menu` */

insert  into `sys_menu`(`id`,`parentid`,`name`,`urlkey`,`url`,`status`,`type`,`sort`,`level`,`create_time`,`create_id`) values (1,0,'系统管理','system_root',NULL,1,1,90,1,'2015-04-27 17:28:06',1),(3,1,'用户管理','user','system/user/list',1,1,92,2,'2015-04-27 17:28:46',1),(4,1,'应聘管理','resume','system/resume/list',1,1,94,2,'2016-03-01 17:29:13',1),(5,1,'菜单管理','menu','system/menu/list',1,1,96,2,'2015-04-27 17:29:43',1),(6,1,'数据字典','dict','system/dict/list',1,1,97,2,'2015-04-27 17:30:05',1),(8,18,'栏目管理','folder','admin/folder/list',1,1,11,2,'2015-04-28 22:34:46',1),(11,20,'访问量统计','pageview','admin/pageview',1,1,34,2,'2015-04-28 22:36:34',1),(13,20,'缓存更新','operation','admin/operation',1,1,31,2,'2015-05-06 11:41:33',1),(14,1,'日志管理','log','system/log/list',1,1,98,2,'2016-01-03 18:09:18',1),(16,18,'招聘行程','recruitingtrip','admin/recruitingtrip/list',1,1,12,2,'2016-01-29 01:07:35',1),(17,18,'栏目内容管理','folderrollpicture','admin/folderrollpicture/list',1,1,13,2,'2016-01-29 01:11:48',1),(18,0,'内容管理','folder_root',NULL,1,1,10,1,'2016-01-29 04:24:45',1),(20,0,'其他管理','other_root',NULL,1,1,30,1,'2016-01-29 04:29:39',1),(21,0,'首页','home','admin/home',1,1,2,1,'2015-04-27 17:28:06',1),(28,20,'导入测评账号和密码','importexcel','admin/importexcel',1,1,32,2,'2016-03-27 09:06:12',1),(29,20,'测评账号和密码','accountpasswd','admin/accountpasswd/list',1,1,33,2,'2016-03-27 11:06:40',1);

/*Table structure for table `sys_role` */

DROP TABLE IF EXISTS `sys_role`;

CREATE TABLE `sys_role` (
  `id` int(11) NOT NULL AUTO_INCREMENT COMMENT 'id',
  `name` varchar(200) NOT NULL DEFAULT '' COMMENT '名称/11111/',
  `status` int(11) DEFAULT '1' COMMENT '状态//radio/2,隐藏,1,显示',
  `sort` int(11) DEFAULT '1' COMMENT '排序',
  `remark` text COMMENT '说明//textarea',
  `create_time` varchar(64) DEFAULT NULL COMMENT '创建时间',
  `create_id` int(11) DEFAULT '0' COMMENT '创建者',
  PRIMARY KEY (`id`)
) ENGINE=InnoDB DEFAULT CHARSET=utf8 COMMENT='角色';

/*Data for the table `sys_role` */

/*Table structure for table `sys_role_menu` */

DROP TABLE IF EXISTS `sys_role_menu`;

CREATE TABLE `sys_role_menu` (
  `id` int(11) NOT NULL AUTO_INCREMENT COMMENT 'id',
  `roleid` int(11) NOT NULL COMMENT '角色id',
  `menuid` int(11) NOT NULL COMMENT '菜单id',
  PRIMARY KEY (`id`)
) ENGINE=InnoDB DEFAULT CHARSET=utf8 COMMENT='角色和菜单关联';

/*Data for the table `sys_role_menu` */

/*Table structure for table `sys_text` */

DROP TABLE IF EXISTS `sys_text`;

CREATE TABLE `sys_text` (
  `qq` varchar(22) CHARACTER SET utf8 DEFAULT NULL
) ENGINE=InnoDB DEFAULT CHARSET=latin1;

/*Data for the table `sys_text` */

insert  into `sys_text`(`qq`) values ('121111'),('111111111'),(NULL),(NULL);

/*Table structure for table `sys_user` */

DROP TABLE IF EXISTS `sys_user`;

CREATE TABLE `sys_user` (
  `userid` int(11) NOT NULL AUTO_INCREMENT COMMENT '主键',
  `username` varchar(32) NOT NULL COMMENT '用户名/11111',
  `password` varchar(32) NOT NULL COMMENT '密码',
  `realname` varchar(32) DEFAULT NULL COMMENT '真实姓名',
  `departid` int(11) DEFAULT '0' COMMENT '部门/11111/dict',
  `usertype` int(11) DEFAULT '2' COMMENT '类型//select/1,管理员,2,普通用户,3,前台用户,4,第三方用户',
  `state` int(11) DEFAULT '10' COMMENT '状态',
  `thirdid` varchar(200) DEFAULT NULL COMMENT '第三方ID',
  `endtime` varchar(32) DEFAULT NULL COMMENT '结束时间',
  `email` varchar(64) DEFAULT NULL COMMENT 'email',
  `tel` varchar(32) DEFAULT NULL COMMENT '手机号',
  `address` varchar(32) DEFAULT NULL COMMENT '地址',
  `title_url` varchar(200) DEFAULT NULL COMMENT '头像地址',
  `remark` varchar(1000) DEFAULT NULL COMMENT '说明',
  `theme` varchar(64) DEFAULT 'default' COMMENT '主题',
  `create_time` varchar(64) DEFAULT NULL COMMENT '创建时间',
  `create_id` int(11) DEFAULT '0' COMMENT '创建者',
  PRIMARY KEY (`userid`)
) ENGINE=InnoDB AUTO_INCREMENT=30 DEFAULT CHARSET=utf8 COMMENT='用户';

/*Data for the table `sys_user` */

insert  into `sys_user`(`userid`,`username`,`password`,`realname`,`departid`,`usertype`,`state`,`thirdid`,`endtime`,`email`,`tel`,`address`,`title_url`,`remark`,`theme`,`create_time`,`create_id`) values (1,'admin','1RHFCLt64uOOViCTzgSaww==','系统管理员',1,1,1,NULL,NULL,'zcool321@sina.com',NULL,NULL,NULL,'时间是最好的老师，但遗憾的是——最后他把所有的学生都弄死了','default','2016-06-06 06:06:06',1),(2,'test','ldKI9edsQVM=','后台测试用户',2,1,1,NULL,NULL,NULL,NULL,NULL,NULL,NULL,'default','2016-06-06 06:06:06',1),(3,'webtest','ldKI9edsQVM=','前台测试用户',2,3,1,NULL,NULL,NULL,NULL,NULL,NULL,NULL,'default','2016-06-06 06:06:06',1),(4,'184951@qq.com','ldKI9edsQVM=','haha',2,3,2,NULL,NULL,'184951@qq.com',NULL,NULL,NULL,NULL,'default','2016-03-06 09:37:14',1),(5,'3333@qq.com','ldKI9edsQVM=','xixi',2,3,2,NULL,NULL,'3333@qq.com',NULL,NULL,NULL,NULL,'default','2016-03-06 09:38:29',1),(21,'1514215600@qq.com','2qIF673CeTr359ofQt+Pew==','李锐彬',2,3,2,NULL,NULL,NULL,NULL,NULL,NULL,NULL,'default','2016-03-23 22:20:32',1),(22,'dfdfdfdf@qq.com','ceY/dIvlAn0w7oqwpsalOA==','fgfgfg',2,3,2,NULL,NULL,NULL,NULL,NULL,NULL,NULL,'default','2016-03-24 22:47:30',1),(23,'15421514@qq.com','d0WsUNCpkp1UPy0ddpK4Dg==','多福多',2,3,2,NULL,NULL,NULL,NULL,NULL,NULL,NULL,'default','2016-03-25 15:46:17',1),(24,'124578@qq.com','u9ZtsnihQwDaQm5WAyX0eQ==','发个非',2,3,2,NULL,NULL,NULL,NULL,NULL,NULL,NULL,'default','2016-03-25 15:59:58',1),(25,'55555@qq.com','SYs34qEd6jn8j4nGbwGBaw==','金发的',2,3,2,NULL,NULL,NULL,NULL,NULL,NULL,NULL,'default','2016-03-25 17:08:50',1),(26,'44444@qq.com','PG4ztZA/9nQXSDJj4VJXKw==','科技科技科',2,3,2,NULL,NULL,NULL,NULL,NULL,NULL,NULL,'default','2016-03-25 20:23:57',1),(27,'121212121@qq.com','ywx/aZn9/jpMjf+YGqrSTA==','jkjkjk',2,3,2,NULL,NULL,NULL,NULL,NULL,NULL,NULL,'default','2016-03-25 20:26:07',1),(28,'1214514515@qq.com','tOwo7XSIWhXNfzmCJHoZQQ==','jkjkj',2,3,2,NULL,NULL,NULL,NULL,NULL,NULL,NULL,'default','2016-03-25 21:56:08',1),(29,'145244@qq.com','C3TETPPjh0PP8fgpoFbsWQ==','iuiuiu',2,3,2,NULL,NULL,NULL,NULL,NULL,NULL,NULL,'default','2016-03-26 12:34:54',1);

/*Table structure for table `sys_user_role` */

DROP TABLE IF EXISTS `sys_user_role`;

CREATE TABLE `sys_user_role` (
  `id` int(11) NOT NULL AUTO_INCREMENT COMMENT 'id',
  `userid` int(11) NOT NULL COMMENT '用户id',
  `roleid` int(11) NOT NULL COMMENT '角色id',
  PRIMARY KEY (`id`)
) ENGINE=InnoDB DEFAULT CHARSET=utf8 COMMENT='用户和角色关联';

/*Data for the table `sys_user_role` */

/*Table structure for table `tb_advice_feedback` */

DROP TABLE IF EXISTS `tb_advice_feedback`;

CREATE TABLE `tb_advice_feedback` (
  `id` int(11) NOT NULL AUTO_INCREMENT COMMENT '主键',
  `userid` int(11) NOT NULL COMMENT '用户ID',
  `username` varchar(32) NOT NULL COMMENT '用户名',
  `qq` varchar(32) DEFAULT NULL COMMENT 'qq',
  `email` varchar(64) DEFAULT NULL COMMENT 'email',
  `telphone` varchar(32) DEFAULT NULL COMMENT '手机号',
  `content` varchar(2000) DEFAULT NULL COMMENT '意见反馈内容',
  `remark` varchar(2000) DEFAULT NULL COMMENT '备注',
  `is_read` int(11) DEFAULT NULL COMMENT '是否已读',
  `create_time` varchar(64) DEFAULT NULL COMMENT '创建时间',
  `create_id` int(11) DEFAULT '0' COMMENT '创建者',
  PRIMARY KEY (`id`)
) ENGINE=InnoDB DEFAULT CHARSET=utf8 COMMENT='意见反馈';

/*Data for the table `tb_advice_feedback` */

/*Table structure for table `tb_article` */

DROP TABLE IF EXISTS `tb_article`;

CREATE TABLE `tb_article` (
  `id` int(11) NOT NULL AUTO_INCREMENT COMMENT 'id',
  `folder_id` int(11) DEFAULT '1' COMMENT '目录id',
  `title` varchar(200) DEFAULT '' COMMENT '文章名称',
  `content` text COMMENT '文件内容',
  `count_view` int(11) DEFAULT '0' COMMENT '浏览数',
  `count_comment` int(11) DEFAULT '0' COMMENT '评论数',
  `type` int(11) DEFAULT '1' COMMENT '类型：1 正常 2 预览展示概述 3 程序调用处理',
  `status` varchar(20) DEFAULT '1' COMMENT '状态//radio/2,隐藏,1,显示',
  `is_comment` int(11) DEFAULT '1' COMMENT '是否评论：2 否 1 是',
  `is_recommend` int(11) DEFAULT '2' COMMENT '是否推荐：2 否 1 是',
  `sort` int(11) DEFAULT '1' COMMENT '排序',
  `image_url` varchar(256) DEFAULT NULL COMMENT '图片路径',
  `html_id` varchar(256) DEFAULT NULL COMMENT '网页id',
  `file_url` varchar(256) DEFAULT NULL,
  `file_name` varchar(256) DEFAULT NULL,
  `publish_time` varchar(64) DEFAULT NULL COMMENT '发布时间',
  `publish_user` varchar(64) DEFAULT '1' COMMENT '发布者',
  `start_time` varchar(64) DEFAULT NULL COMMENT '开始时间',
  `end_time` varchar(64) DEFAULT NULL COMMENT '结束时间',
  `update_time` varchar(64) DEFAULT NULL COMMENT '更新时间',
  `create_time` varchar(64) DEFAULT NULL COMMENT '创建时间',
  `create_id` int(11) DEFAULT '0' COMMENT '创建者',
  PRIMARY KEY (`id`)
) ENGINE=InnoDB AUTO_INCREMENT=408 DEFAULT CHARSET=utf8 COMMENT='文章';

/*Data for the table `tb_article` */

insert  into `tb_article`(`id`,`folder_id`,`title`,`content`,`count_view`,`count_comment`,`type`,`status`,`is_comment`,`is_recommend`,`sort`,`image_url`,`html_id`,`file_url`,`file_name`,`publish_time`,`publish_user`,`start_time`,`end_time`,`update_time`,`create_time`,`create_id`) values (1,1,'在线投递简历','<br/>☆请认真填写在线简历模板，系统审核后将不可再修改；<br/><br/>☆我们会安排在宣讲会后，现场接收纸质简历^^；',130,123,11,'1',2,2,1,'1','guidImg1',NULL,NULL,'2016-03-16','系统管理员','2015-01-29','2015-01-23','2015-01-28 17:29:55','2015-01-28',1),(315,13,'永定塔','<p>http://www.jflyfox.com/mtg/front/article/406.html</p>',2,0,11,'1',1,2,10,'download/image_url/20150524_165116_706479.jpg','http://i1.tietuku.com/fab40b501ece3fcf.jpg',NULL,NULL,'2015-05-24','系统管理员','','','2015-05-24 16:50:34','2015-05-24 16:50:34',1),(316,13,'美丽门城','<p>#</p>',1,0,11,'1',1,2,10,'download/image_url/20150524_165111_42992.jpg','http://i1.tietuku.com/6f139452bedaefed.jpg',NULL,NULL,'2015-05-24','系统管理员','','','2015-05-24 16:50:42','2015-05-24 16:50:42',1),(317,13,'百花山','<p>http://www.jflyfox.com/mtg/front/article/329.html</p>',6,0,11,'1',1,2,10,'download/image_url/20150524_165105_854676.jpg','http://i1.tietuku.com/3951e9cb262621b6.jpg',NULL,NULL,'2015-05-24','系统管理员','','','2015-05-24 23:36:47','2015-05-24 23:36:47',1),(318,2,'测试1','<p>测试</p>',1,0,11,'1',1,2,10,NULL,NULL,NULL,NULL,'2015-05-06','测试',NULL,NULL,'2015-05-24 22:17:25','2015-05-24 22:17:25',1),(319,2,'红枣银耳汤','<p style=\"white-space: normal; margin-top: 0px; margin-bottom: 0px; padding: 10px 20px 10px 100px; border: 0px; outline: 0px; font-size: 14px; vertical-align: baseline; line-height: 24px; color: rgb(102, 102, 102); position: relative; font-family: Arial, Helvetica, sans-serif; background-image: initial; background-attachment: initial; background-color: rgb(252, 248, 233); background-size: initial; background-origin: initial; background-clip: initial; background-position: initial; background-repeat: initial;\"><em class=\"step\" style=\"border: 0px; outline: 0px; font-size: 50px; vertical-align: baseline; color: rgb(255, 50, 50); text-align: center; font-family: arial; position: absolute; left: 0px; top: -6px; height: 100px; width: 100px; display: block; line-height: 52px; background: transparent;\">1.</em>银耳放入开水中浸泡20分钟，泡发后取出洗净，并去除黄根，掰成小朵；红枣洗净去核，枸杞放入清水中浸软备用</p><p style=\"white-space: normal; margin-top: 0px; margin-bottom: 0px; padding: 10px 20px 10px 100px; border: 0px; outline: 0px; font-size: 14px; vertical-align: baseline; line-height: 24px; color: rgb(102, 102, 102); position: relative; font-family: Arial, Helvetica, sans-serif; background-image: initial; background-attachment: initial; background-color: rgb(252, 248, 233); background-size: initial; background-origin: initial; background-clip: initial; background-position: initial; background-repeat: initial;\"><em class=\"step\" style=\"border: 0px; outline: 0px; font-size: 50px; vertical-align: baseline; color: rgb(255, 50, 50); text-align: center; font-family: arial; position: absolute; left: 0px; top: -6px; height: 100px; width: 100px; display: block; line-height: 52px; background: transparent;\">2.</em>汤锅中倒入适量清水，大火烧开后，转小火放入银耳熬煮30分钟，待汤汁变得黏稠后，放入红枣、枸杞继续熬煮10分钟</p><p style=\"white-space: normal; margin-top: 0px; margin-bottom: 0px; padding: 10px 20px 10px 100px; border: 0px; outline: 0px; font-size: 14px; vertical-align: baseline; line-height: 24px; color: rgb(102, 102, 102); position: relative; font-family: Arial, Helvetica, sans-serif; background-image: initial; background-attachment: initial; background-color: rgb(252, 248, 233); background-size: initial; background-origin: initial; background-clip: initial; background-position: initial; background-repeat: initial;\"><em class=\"step\" style=\"border: 0px; outline: 0px; font-size: 50px; vertical-align: baseline; color: rgb(255, 50, 50); text-align: center; font-family: arial; position: absolute; left: 0px; top: -6px; height: 100px; width: 100px; display: block; line-height: 52px; background: transparent;\">3.</em>10分钟后，将黄冰糖放入锅中，搅拌至冰糖融化即可</p><p style=\"white-space: normal; margin-top: 0px; margin-bottom: 0px; padding: 10px 20px 10px 100px; border: 0px; outline: 0px; font-size: 14px; vertical-align: baseline; line-height: 24px; color: rgb(102, 102, 102); position: relative; font-family: Arial, Helvetica, sans-serif; background-image: initial; background-attachment: initial; background-color: rgb(252, 248, 233); background-size: initial; background-origin: initial; background-clip: initial; background-position: initial; background-repeat: initial;\"><img class=\"conimg\" height=\"690\" width=\"460\" alt=\"红枣银耳汤Hs.jpg\" src=\"http://images.meishij.net/p/20110714/a691de05714c9bb940791709d67e1e53.jpg\" style=\"margin-right: auto; margin-left: auto; outline: 0px; vertical-align: baseline; display: block; max-width: 550px; background: transparent;\"/></p><p style=\"white-space: normal; margin-top: 0px; margin-bottom: 0px; padding: 10px 20px 10px 100px; border: 0px; outline: 0px; font-size: 14px; vertical-align: baseline; line-height: 24px; color: rgb(102, 102, 102); position: relative; font-family: Arial, Helvetica, sans-serif; background-image: initial; background-attachment: initial; background-color: rgb(252, 248, 233); background-size: initial; background-origin: initial; background-clip: initial; background-position: initial; background-repeat: initial;\"></p><h2 class=\"cpc_h2\" style=\"white-space: normal; margin-top: 0px; margin-bottom: 0px; border-width: 0px 0px 1px; border-bottom-style: solid; border-bottom-color: rgb(238, 238, 238); outline: 0px; font-size: 24px; vertical-align: baseline; color: rgb(51, 51, 51); height: 66px; line-height: 66px; text-indent: 24px; font-family: &#39;Microsoft Yahei&#39;; background-image: initial; background-attachment: initial; background-color: rgb(252, 248, 233); background-size: initial; background-origin: initial; background-clip: initial; background-position: initial; background-repeat: initial;\">厨房小常识</h2><p style=\"white-space: normal; margin-top: 0px; margin-bottom: 0px; padding: 10px 20px 10px 100px; border: 0px; outline: 0px; font-size: 14px; vertical-align: baseline; line-height: 24px; color: rgb(102, 102, 102); position: relative; font-family: Arial, Helvetica, sans-serif; background-image: initial; background-attachment: initial; background-color: rgb(252, 248, 233); background-size: initial; background-origin: initial; background-clip: initial; background-position: initial; background-repeat: initial;\"></p><p style=\"white-space: normal; margin-top: 0px; margin-bottom: 0px; padding: 10px 20px 10px 100px; border: 0px; outline: 0px; font-size: 14px; vertical-align: baseline; line-height: 24px; color: rgb(102, 102, 102); position: relative; font-family: Arial, Helvetica, sans-serif; background-image: initial; background-attachment: initial; background-color: rgb(252, 248, 233); background-size: initial; background-origin: initial; background-clip: initial; background-position: initial; background-repeat: initial;\">&nbsp;&nbsp;&nbsp;&nbsp;&nbsp;&nbsp;&nbsp;&nbsp; 质量较好的银耳呈淡黄色，水发后手感柔嫩，劣质银耳水发后较脆。另外不要购买太大朵的银耳，大朵银耳的黄根很大，清理时要去掉的部分就很多，小朵的银耳相对要好些。</p><p style=\"white-space: normal; margin-top: 0px; margin-bottom: 0px; padding: 10px 20px 10px 100px; border: 0px; outline: 0px; font-size: 14px; vertical-align: baseline; line-height: 24px; color: rgb(102, 102, 102); position: relative; font-family: Arial, Helvetica, sans-serif; background-image: initial; background-attachment: initial; background-color: rgb(252, 248, 233); background-size: initial; background-origin: initial; background-clip: initial; background-position: initial; background-repeat: initial;\"></p><h2 class=\"cpc_h2\" style=\"white-space: normal; margin-top: 0px; margin-bottom: 0px; border-width: 0px 0px 1px; border-bottom-style: solid; border-bottom-color: rgb(238, 238, 238); outline: 0px; font-size: 24px; vertical-align: baseline; color: rgb(51, 51, 51); height: 66px; line-height: 66px; text-indent: 24px; font-family: &#39;Microsoft Yahei&#39;; background-image: initial; background-attachment: initial; background-color: rgb(252, 248, 233); background-size: initial; background-origin: initial; background-clip: initial; background-position: initial; background-repeat: initial;\">营养功效</h2><p style=\"white-space: normal; margin-top: 0px; margin-bottom: 0px; padding: 10px 20px 10px 100px; border: 0px; outline: 0px; font-size: 14px; vertical-align: baseline; line-height: 24px; color: rgb(102, 102, 102); position: relative; font-family: Arial, Helvetica, sans-serif; background-image: initial; background-attachment: initial; background-color: rgb(252, 248, 233); background-size: initial; background-origin: initial; background-clip: initial; background-position: initial; background-repeat: initial;\"></p><p style=\"white-space: normal; margin-top: 0px; margin-bottom: 0px; padding: 10px 20px 10px 100px; border: 0px; outline: 0px; font-size: 14px; vertical-align: baseline; line-height: 24px; color: rgb(102, 102, 102); position: relative; font-family: Arial, Helvetica, sans-serif; background-image: initial; background-attachment: initial; background-color: rgb(252, 248, 233); background-size: initial; background-origin: initial; background-clip: initial; background-position: initial; background-repeat: initial;\"><strong style=\"padding: 10px 20px; border: 0px; outline: 0px; vertical-align: baseline; background: transparent;\">好汤益容颜：</strong></p><p style=\"white-space: normal; margin-top: 0px; margin-bottom: 0px; padding: 10px 20px 10px 100px; border: 0px; outline: 0px; font-size: 14px; vertical-align: baseline; line-height: 24px; color: rgb(102, 102, 102); position: relative; font-family: Arial, Helvetica, sans-serif; background-image: initial; background-attachment: initial; background-color: rgb(252, 248, 233); background-size: initial; background-origin: initial; background-clip: initial; background-position: initial; background-repeat: initial;\">&nbsp;&nbsp;&nbsp;&nbsp;&nbsp;&nbsp;&nbsp; 银耳是极好的美容品，其含有天然植物性胶质，长期食用可滋润肌肤，更有减轻面部黄褐斑、雀斑的功效。银耳汤营养丰富，但是不能隔夜饮用，所以，一定要饮用新鲜、美味的银耳汤。除此之外，银耳中还含有大量的维生素D，可有效地防止人体钙元素的流失，对人体骨骼也很有好处。</p><p style=\"white-space: normal; margin-top: 0px; margin-bottom: 0px; padding: 10px 20px 10px 100px; border: 0px; outline: 0px; font-size: 14px; vertical-align: baseline; line-height: 24px; color: rgb(102, 102, 102); position: relative; font-family: Arial, Helvetica, sans-serif; background-image: initial; background-attachment: initial; background-color: rgb(252, 248, 233); background-size: initial; background-origin: initial; background-clip: initial; background-position: initial; background-repeat: initial;\"></p><h2 class=\"cpc_h2\" style=\"white-space: normal; margin-top: 0px; margin-bottom: 0px; border-width: 0px 0px 1px; border-bottom-style: solid; border-bottom-color: rgb(238, 238, 238); outline: 0px; font-size: 24px; vertical-align: baseline; color: rgb(51, 51, 51); height: 66px; line-height: 66px; text-indent: 24px; font-family: &#39;Microsoft Yahei&#39;; background-image: initial; background-attachment: initial; background-color: rgb(252, 248, 233); background-size: initial; background-origin: initial; background-clip: initial; background-position: initial; background-repeat: initial;\">饮食小常识</h2><p style=\"white-space: normal; margin-top: 0px; margin-bottom: 0px; padding: 10px 20px 10px 100px; border: 0px; outline: 0px; font-size: 14px; vertical-align: baseline; line-height: 24px; color: rgb(102, 102, 102); position: relative; font-family: Arial, Helvetica, sans-serif; background-image: initial; background-attachment: initial; background-color: rgb(252, 248, 233); background-size: initial; background-origin: initial; background-clip: initial; background-position: initial; background-repeat: initial;\"></p><p style=\"white-space: normal; margin-top: 0px; margin-bottom: 0px; padding: 10px 20px 10px 100px; border: 0px; outline: 0px; font-size: 14px; vertical-align: baseline; line-height: 24px; color: rgb(102, 102, 102); position: relative; font-family: Arial, Helvetica, sans-serif; background-image: initial; background-attachment: initial; background-color: rgb(252, 248, 233); background-size: initial; background-origin: initial; background-clip: initial; background-position: initial; background-repeat: initial;\">&nbsp;&nbsp;&nbsp;&nbsp;&nbsp;&nbsp;&nbsp;&nbsp;女人爱美丽，而日复一日忙碌于工作、家庭之中的女人，历经了岁月的洗礼，不经意间失去了一些花容月色，美丽元素的消耗也在与日俱增。纵然女人是水做的，也少不了一碗好汤给女人带来的温情与呵护。那就大胆运用每一个养颜公式，将美丽定格于此时此刻吧——从现在开始，时常为自己、为家人精心熬煮一碗养颜好汤，让容颜不再跟随着时光的脚步匆匆流逝——多一份眷顾，多一份妙色……</p><p><br/></p>',1,0,11,'1',1,2,10,NULL,NULL,NULL,NULL,'2015-05-08','系统管理员',NULL,NULL,'2015-05-24 22:17:31','2015-05-24 22:17:31',1),(320,2,'三种人','<p><span style=\"background-color: rgb(255, 255, 255);\"><span style=\"white-space: normal; letter-spacing: 0.5px; font-family: SimSun, Verdana, Arial, Helvetica, sans-serif; font-size: 14px; line-height: 21px;\">人的一生总是要学习各种知识。人人都在学习，但学习方法却各有不同。</span><br style=\"white-space: normal; font-family: 微软雅黑, Verdana, sans-serif, 宋体; font-size: 13px; letter-spacing: 0.5px; line-height: 22.5px;\"/><span style=\"white-space: normal; letter-spacing: 0.5px; font-family: SimSun, Verdana, Arial, Helvetica, sans-serif; font-size: 14px; line-height: 21px;\">1 绝大多数人是闭门学习受填鸭式学习教育遗毒影响，独自一个人挑灯苦灯，学习吸收各种知识。</span><br style=\"white-space: normal; font-family: 微软雅黑, Verdana, sans-serif, 宋体; font-size: 13px; letter-spacing: 0.5px; line-height: 22.5px;\"/><span style=\"white-space: normal; letter-spacing: 0.5px; font-family: SimSun, Verdana, Arial, Helvetica, sans-serif; font-size: 14px; line-height: 21px;\">这种学习方式比较枯燥，需要比较好的耐力，毅力。</span><br style=\"white-space: normal; font-family: 微软雅黑, Verdana, sans-serif, 宋体; font-size: 13px; letter-spacing: 0.5px; line-height: 22.5px;\"/><span style=\"white-space: normal; letter-spacing: 0.5px; font-family: SimSun, Verdana, Arial, Helvetica, sans-serif; font-size: 14px; line-height: 21px;\">2 一部分重视通过交流学习现在网络比较发达了，许多人自觉不自觉得把自己的学习心得记录下来，并发表在网上。</span><br style=\"white-space: normal; font-family: 微软雅黑, Verdana, sans-serif, 宋体; font-size: 13px; letter-spacing: 0.5px; line-height: 22.5px;\"/><span style=\"white-space: normal; letter-spacing: 0.5px; font-family: SimSun, Verdana, Arial, Helvetica, sans-serif; font-size: 14px; line-height: 21px;\">3 也有人通过启发别人来启发自己其中的哲学原理，按古代说法是天人合一，物我同体；按现代说法是信息相通，沟通无极限。</span><br style=\"white-space: normal; font-family: 微软雅黑, Verdana, sans-serif, 宋体; font-size: 13px; letter-spacing: 0.5px; line-height: 22.5px;\"/><br style=\"white-space: normal; font-family: 微软雅黑, Verdana, sans-serif, 宋体; font-size: 13px; letter-spacing: 0.5px; line-height: 22.5px;\"/><span style=\"white-space: normal; letter-spacing: 0.5px; font-family: SimSun, Verdana, Arial, Helvetica, sans-serif; font-size: 14px; line-height: 21px;\">通过帮助别人来帮助自己。通过启发别人来启发自己。凡有所得，必须分享。只有分享了的知识，才是真正的知识。</span><br style=\"white-space: normal; font-family: 微软雅黑, Verdana, sans-serif, 宋体; font-size: 13px; letter-spacing: 0.5px; line-height: 22.5px;\"/><br style=\"white-space: normal; font-family: 微软雅黑, Verdana, sans-serif, 宋体; font-size: 13px; letter-spacing: 0.5px; line-height: 22.5px;\"/><span style=\"white-space: normal; letter-spacing: 0.5px; font-family: SimSun, Verdana, Arial, Helvetica, sans-serif; font-size: 14px; line-height: 21px;\">上面三种人，对于知识而言，</span><br style=\"white-space: normal; font-family: 微软雅黑, Verdana, sans-serif, 宋体; font-size: 13px; letter-spacing: 0.5px; line-height: 22.5px;\"/><span style=\"white-space: normal; letter-spacing: 0.5px; font-family: SimSun, Verdana, Arial, Helvetica, sans-serif; font-size: 14px; line-height: 21px;\">第一种人是只进不出，只是获取别人总结的知识，而基本不去帮助别人获取知识</span><br style=\"white-space: normal; font-family: 微软雅黑, Verdana, sans-serif, 宋体; font-size: 13px; letter-spacing: 0.5px; line-height: 22.5px;\"/><span style=\"white-space: normal; letter-spacing: 0.5px; font-family: SimSun, Verdana, Arial, Helvetica, sans-serif; font-size: 14px; line-height: 21px;\">第二种人是多进少出，在学习知识的同时，也把自己的一些心得分享出来</span><br style=\"white-space: normal; font-family: 微软雅黑, Verdana, sans-serif, 宋体; font-size: 13px; letter-spacing: 0.5px; line-height: 22.5px;\"/><span style=\"white-space: normal; letter-spacing: 0.5px; font-family: SimSun, Verdana, Arial, Helvetica, sans-serif; font-size: 14px; line-height: 21px;\">第三种人趋于得失平衡，认为只有分享的知识才是真正的知识，只有帮助别人也掌握的知识才是真正的知识</span></span></p>',9,0,11,'1',1,2,10,NULL,NULL,NULL,NULL,'2015-05-10','三种人',NULL,NULL,'2015-05-25 22:17:38','2015-05-25 22:17:38',1),(321,2,'J2Cache','<p><span style=\"font-family: &#39;Microsoft YaHei&#39;, Verdana, sans-serif, 宋体; font-size: 13.3333330154419px; line-height: 21.3333320617676px; white-space: normal;\">J2Cache 是 OSChina 目前正在使用的两级缓存框架。第一级缓存使用&nbsp;</span><a target=\"_blank\" href=\"http://www.oschina.net/p/ehcache\" style=\"margin: 0px; padding: 0px; color: rgb(62, 98, 166); outline: 0px; font-family: &#39;Microsoft YaHei&#39;, Verdana, sans-serif, 宋体; font-size: 13.3333330154419px; line-height: 21.3333320617676px; white-space: normal;\">Ehcache</a><span style=\"font-family: &#39;Microsoft YaHei&#39;, Verdana, sans-serif, 宋体; font-size: 13.3333330154419px; line-height: 21.3333320617676px; white-space: normal;\">，第二级缓存使用&nbsp;</span><a target=\"_blank\" href=\"http://www.oschina.net/p/redis\" style=\"margin: 0px; padding: 0px; color: rgb(62, 98, 166); outline: 0px; font-family: &#39;Microsoft YaHei&#39;, Verdana, sans-serif, 宋体; font-size: 13.3333330154419px; line-height: 21.3333320617676px; white-space: normal;\">Redis</a><span style=\"font-family: &#39;Microsoft YaHei&#39;, Verdana, sans-serif, 宋体; font-size: 13.3333330154419px; line-height: 21.3333320617676px; white-space: normal;\">&nbsp;。由于大量的缓存读取会导致 L2 的网络成为整个系统的瓶颈，因此 L1 的目标是降低对 L2 的读取次数。该缓存框架主要用于集群环境中。单机也可使用，用于避免应用重启导致的 Ehcache 缓存数据丢失。</span></p>',25,0,11,'1',1,2,10,NULL,NULL,NULL,NULL,'2015-05-23','红薯',NULL,NULL,'2015-05-24 22:17:47','2015-05-24 22:17:47',1),(322,2,'beetl','<p><span style=\"color: rgb(51, 51, 51); font-family: arial, 宋体, sans-serif; line-height: 24px; text-indent: 32px; white-space: normal;\">Beetl,是Bee Template Language的缩写，它绝不是简单的另外一种模板引擎，而是新一代的</span><a target=\"_blank\" href=\"http://baike.baidu.com/view/4258079.htm\" style=\"color: rgb(19, 110, 194); text-decoration: none; font-family: arial, 宋体, sans-serif; line-height: 24px; text-indent: 32px; white-space: normal;\">模板引擎</a><span style=\"color: rgb(51, 51, 51); font-family: arial, 宋体, sans-serif; line-height: 24px; text-indent: 32px; white-space: normal;\">，它功能强大，性能良好，秒杀当前流行的模板引擎。而且还易学易用。</span></p>',2,0,11,'1',1,1,10,NULL,NULL,NULL,NULL,'2015-05-24','系统管理员',NULL,NULL,'2015-05-24 22:17:53','2015-05-24 22:17:53',1),(323,2,'Jfinal','<p><span style=\"color: rgb(51, 51, 51); font-family: &#39;Lucida Grande&#39;, &#39;Hiragino Sans GB&#39;, &#39;Microsoft YaHei&#39;, &#39;WenQuanYi Micro Hei&#39;, sans-serif; font-size: 13px; line-height: 23.3999996185303px; white-space: normal;\">JFinal 是基于 Java 语言的极速 WEB + ORM 框架，其核心设计目标是开发迅速、代码量少、学习简单、功能强大、轻量级、易扩展、Restful。 在拥有Java语言所有优势的同时再拥有ruby、python、php等动态语言的开发效率！为您节约更多时间，去陪恋人、家人和朋友 :)</span></p>',7,0,11,'1',1,2,10,NULL,NULL,NULL,NULL,'2015-05-26','系统管理员',NULL,NULL,'2015-05-24 22:17:59','2015-05-24 22:17:59',1),(324,2,'OsChina','<p><span style=\"color: rgb(51, 51, 51); font-family: arial; font-size: 13px; line-height: 20.0200004577637px; white-space: normal;\">开源中国 www.</span><span style=\"color: rgb(204, 0, 0); font-family: arial; font-size: 13px; line-height: 20.0200004577637px; white-space: normal;\">oschina</span><span style=\"color: rgb(51, 51, 51); font-family: arial; font-size: 13px; line-height: 20.0200004577637px; white-space: normal;\">.net 是目前中国最大的开源技术社区。我们传播开源的理念,推广开源项目,为 IT 开发者提供了一个发现、使用、并交流开源技术的平台。</span></p>',15,1,11,'1',1,2,10,NULL,NULL,NULL,NULL,'2015-05-19','系统管理员',NULL,NULL,'2015-05-24 22:18:07','2015-05-24 22:18:07',1),(325,4,'定都阁',NULL,1,0,11,'1',1,2,10,'download/image_url/20150524_224542_933745.jpg',NULL,NULL,NULL,'2015-05-24','系统管理员',NULL,NULL,'2015-05-24 22:45:42','2015-05-24 22:45:42',1),(326,4,'戒台寺',NULL,1,0,11,'1',1,2,10,'download/image_url/20150524_224606_653614.jpg',NULL,NULL,NULL,'2015-05-24','系统管理员',NULL,NULL,'2015-05-24 22:46:06','2015-05-24 22:46:06',1),(327,4,'潭柘寺',NULL,1,0,11,'1',1,2,10,'download/image_url/20150524_224618_396989.jpg',NULL,NULL,NULL,'2015-05-24','系统管理员',NULL,NULL,'2015-05-24 22:46:18','2015-05-24 22:46:18',1),(328,4,'双龙峡','<p><span>双龙峡自然风景区是京西新开发的一个风景区，位于门头沟区斋堂镇火村南2.5公里的青山翠谷中。双龙峡自然风景区主体形象概括为六句话应该是：十里溪流 百潭瀑布 千亩红杏 万顷林海 青山翠谷 世外桃源 苍山如海，峰峦巍峨俊秀，被喻为“小九寨”、“百瀑布”。</span></p><p><span><br/></span></p><p><span>可以欣赏的主要景点有：玉龙湖、清幽湖、坐听双琴、仙女湾、第一瀑布（高29.7米、宽5米）、千蛙 蜂、七音瀑、双龙入水、小九寨沟、琴玉潭、三百年野生猕猴桃、仙女湾、双龙戏龟、青蛙石、二百年野生猕猴桃仙聚柳、送仙松、第二瀑布（高30米、宽10米）、原始森林。第一 瀑布至第二瀑布山谷内，沿溪流、山径，藤蔓植物与灌木、乔木纠缠盘结，形成约五公里长的天然植物走廊，郁郁葱葱，号为“藤萝谷”，为双龙峡一大奇观。景区概括为：“十里溪流、百潭瀑布、千亩红杏、万顷林海。”真可谓青山翠谷，峰峦巍峨俊秀。到了夏季山花遍地，溪水潺潺好一派北国秀色，所以又有“小九寨”之称。</span></p><p><span><br/></span></p><p><span><strong>第一瀑布（日月潭）</strong></span></p><p><span>双龙峡 （原名水湖子）：在京西的景点中，还是第一次发现这样大瀑布，落差是 35 米，瀑宽 5 米。是名副其实的“京西第一瀑”。在远处看，像银河落地，如山风摧树，倒近处看到的是圆圆的太阳潭和半边下弦月，所以称之“北国日月潭”。还有一条绿色长龙，隐于潭壁上。似要出水之状，并且有曾经出水时走过的脚印。</span></p><p><span><br/></span></p><p><span><strong>青蛙石</strong></span></p><p><span>双龙峡 牛公山、牛蛙山－话说此地有一个泉眼，千万蛙靠此生存，牛公山在此 放牧，牛马千头几乎天天在此集饮。忽然，一年夜间大雨从天而降，洪水顺山而流，眼看山中万物，顷刻间即殁 , 就连都会洗劫一空。恰逢卯日星君知晓，站在其山岭上猛叫三声，把牛群惊动，牛群用身体筑起防护墙，保护所有生灵跳散，青蛙逃上山坡了望，牛公撇下牛群逃到半坡之上幸免遇难。牛救了全部生灵牺牲了自己。所以自今上面为金鸡岭，下面为牛公坡。东坡上的每一个山包，都是一个青蛙头在睁大眼睛目视谷中。</span></p><p><span>谷中稀有植物上百种。有二级保护植物 200 年生野生猕猴桃，盘缠其间，摘一颗清喉醒脑 。碗口粗的野葡萄、灵绡树不分 你我的缠在一起，不情愿的给行人腾出了一条绿色胡同。不时葡萄株能伸到你的口边。</span></p><p><span><br/></span></p><p><span><strong>双龙峡</strong></span></p><p><span>火村为门头沟区斋堂镇辖村。位于镇域东部，东南距区政府驻地 33 公里，西距镇驻地2公里，北邻高铺（新）村 1.5 公里，村域面积 14.56 平方公里。火村地势自南向北渐低，土壤为山地淋溶褐土。植被为低山（海拔 400 米）旱生山杏、荆条灌丛和人工林。</span></p><p><span>村域有南山溪流，注入清水河。东山有泉水供民饮用，村中地下水埋深 10 余米。村民多以农副业为计，种植玉米、谷子等作物 760 亩，年产粮 6.8 万公斤；栽植核桃、杏等干鲜果树，果品年产量 46.9 吨 . 火树红杏果质优异 , 闻名京西 . 火村在抗日战争期间 , 建立抗日革命根据地 , 与侵华日寇浴血奋战 , 先后被日寇烧村七次。</span></p><p><span><br/></span></p><p><span></span></p><p><img src=\"http://d.hiphotos.baidu.com/baike/c0%3Dbaike92%2C5%2C5%2C92%2C30/sign=09cc2953a8d3fd1f2204aa6851274e7a/9f2f070828381f30626337d4a9014c086e06f051.jpg\" _src=\"http://d.hiphotos.baidu.com/baike/c0%3Dbaike92%2C5%2C5%2C92%2C30/sign=09cc2953a8d3fd1f2204aa6851274e7a/9f2f070828381f30626337d4a9014c086e06f051.jpg\" style=\"\"/></p><p><img src=\"http://b.hiphotos.baidu.com/baike/c0%3Dbaike92%2C5%2C5%2C92%2C30/sign=507aff823bc79f3d9becec62dbc8a674/63d9f2d3572c11df30ab055e632762d0f703c251.jpg\" _src=\"http://b.hiphotos.baidu.com/baike/c0%3Dbaike92%2C5%2C5%2C92%2C30/sign=507aff823bc79f3d9becec62dbc8a674/63d9f2d3572c11df30ab055e632762d0f703c251.jpg\" style=\"\"/></p><p><span><br/></span><br/></p><p><span><br/></span></p><p><span>地址：北京市门头沟区斋堂镇火村双龙峡景区&nbsp;</span></p><p><span>电话：(010)69819310</span></p><p><br/></p>',3,0,11,'1',1,2,10,'download/image_url/20150524_224630_442929.jpg',NULL,NULL,NULL,'2015-05-24','系统管理员',NULL,NULL,'2015-05-24 22:46:30','2015-05-24 22:46:30',1),(329,4,'百花山','<p><span style=\"white-space: nowrap;\">百花山国家级自然保护区地处北京西部，位于北京市门头沟区清水镇境内，2008年经国务院批准在北京百花山自然保护区基础上晋升为国家级自然保护区。</span></p><p><span style=\"white-space: nowrap;\">保护区是以保护暖温带华北石质山地次生落叶阔叶林生态系统为主的自然保护区，总面积为21743.1公顷。</span></p><p><span style=\"white-space: nowrap;\"><img src=\"http://img1.qunarzz.com/sight/p0/1410/de/4eb87a813329d1d568ed5c88bca99659.water.jpg_1190x550_16e25e47.jpg\" _src=\"http://img1.qunarzz.com/sight/p0/1410/de/4eb87a813329d1d568ed5c88bca99659.water.jpg_1190x550_16e25e47.jpg\"/></span></p><p><span style=\"white-space: nowrap;\"><img src=\"http://img1.qunarzz.com/sight/p0/201403/07/8dce2e3d9fc87b4e5e3ace7b0c78a5ef.jpg_1190x550_6607f387.jpg\" _src=\"http://img1.qunarzz.com/sight/p0/201403/07/8dce2e3d9fc87b4e5e3ace7b0c78a5ef.jpg_1190x550_6607f387.jpg\"/></span></p><p><span style=\"white-space: nowrap;\">地址： 北京市门头沟区清水镇百花山林场（门头沟与房山交接处）&nbsp;</span></p><p><span style=\"white-space: nowrap;\">电话： (010)60390257</span></p><p><br/></p>',8,0,11,'1',1,2,10,'download/image_url/20150524_224645_154137.jpg',NULL,NULL,NULL,'2015-05-24','系统管理员',NULL,NULL,'2015-05-24 22:46:45','2015-05-24 22:46:45',1),(330,4,'爨底下','<p>爨底下村位于北京西郊门头沟区斋堂镇，川底下村，实名爨底下。因在明代“爨里安口”（当地人称爨头）下方得名。位于京西斋堂西北狭谷中部，解放前属宛平县八区，现属斋堂镇所辖。距京90公里，海拔650米，村域面积5.3平方公里，清水河流域，温带季风气候，年平均气温10.1℃，自然植被良好，适合养羊，养蜜蜂。爨底下是国家A级景区。</p><p>爨底下村人（户主及子女）全姓韩。相传是明代由山西洪洞县大槐树下移民而来，原村址在村西北老坟处，后因山洪暴发，将整个村庄摧毁。只有一对青年男女，外出幸免遇难。为延续韩族后代，二人以推磨为媒而成婚，并在现址立村，婚后所生三子，为：韩福金、韩福银、韩福苍。三子分三门，即：东门、中门、西门。始以福字为第一辈序排20辈：福景自守玉、有明万宏思、义巨晓怀孟、永茂广连文，至今已发展到17辈，茂，字辈。</p><p>还相传是因为爨被村民们编成了顺口溜：兴字头，林字腰，大字下面架火烧，大火烧林烧的兴，岂不很热？所以姓韩，谐音寒。</p><p>全村现有人口29户，93人，土地280亩全村院落74个，房屋689间。大部分为清后期所建（少量建于民国时期）的四合院、三合院。依山而建，依势而就，高低错落，以村后龙头为圆心，南北为轴线呈扇面形展于两侧。村上、村下被一条长200米，最高处20米的弧形大墙分开，村前又被一条长170米&nbsp;</p><p>的弓形墙围绕，使全村形不散而神更聚，三条通道惯穿上下，而更具防洪、防匪之功能。</p><p>爨底下是国家3A级景区，市级文明单位，市级民俗旅游专业村，2003年被国家建设部，国家文物局评为首批中国历史文化名村，区级革命传统教育基地。著名的专家哲文先生讲：爨底下古山村是一颗中国古典建筑瑰宝的明珠，它蕴含着深厚的北方建筑文化内涵，就其历史，文化艺术价值来说，不仅在北京，就是在全国也属于珍贵之列，公之于世，功莫大焉。</p><p><a class=\"image-link nslog:9317\" href=\"http://baike.baidu.com/picture/509635/509635/0/a08b87d6277f9e2f4914e1881f30e924b899f309.html?fr=lemma&ct=single\" target=\"_blank\" title=\"爨底下村全景\" style=\"color: rgb(19, 110, 194); display: block; font-family: arial, 宋体, sans-serif; line-height: 24px; white-space: normal; width: 500px; height: 373px; background-color: rgb(255, 255, 255);\"><img class=\"\" alt=\"爨底下村全景\" src=\"http://g.hiphotos.baidu.com/baike/s%3D500/sign=0cbb1083c895d143de76e42343f18296/a08b87d6277f9e2f4914e1881f30e924b899f309.jpg\" style=\"text-align: center; display: block; margin-right: auto; margin-left: auto; width: 500px; height: 373px;\"/></a></p><p>村名</p><p>爨底下的“爨”字，共有三十笔，发cuàn音，为了方便记忆可拆开说：兴字头，林字腰、大字下面加火烧，大火烧林，越烧越兴，岂不很热，而爨底下人全姓韩，取谐音（寒）则为冷意，冷与热在五行之中可以互补，宇宙万物有天就有地，有日就有月，有男必然有女，有冷就得有热，故而爨底下村在历史上曾辉煌过。</p><p>“爨”字从字意解释为：家，永不分爨，即永不分家。为：灶，烧火煮饭。为：姓，陕西省歧山县有爨家庄，全村千口余人皆姓爨。此字难写难认，会写则成爨，不会写则成一片，故而用谐音“川”字代之，但仍发爨音。最早是在1942年为方便抗日干部特别是外地抗日干部通讯联系，将“爨”改成“川”，爨与川并用至五十年代末，基本就不用爨字了，1995年搞旅游开发后，爨字又大放熠彩。</p><p><br/></p><p>地址： 北京市门头沟区爨底下景区内&nbsp;</p>',2,0,11,'1',1,2,10,'download/image_url/20150524_224700_823152.jpg',NULL,NULL,NULL,'2015-05-24','系统管理员',NULL,NULL,'2015-05-24 22:47:00','2015-05-24 22:47:00',1),(331,4,'灵山','<p>&nbsp; &nbsp; 盛夏避暑的好去所。夏季，这里“丰草绿缛而争茂，佳木葱茏而可悦”，走在林中，让人备感舒适。自然山水自然景，自然空调自然风，凉风习习，心惬意，来到灵山方知城乡大不同。入夜，遥望星空，这里视野开阔，可以看到“天阶月色凉如水，卧看牵牛织女星”的美景。</p><p>&nbsp; &nbsp; 灵山自然风景区距京城122公里，其顶峰海拔2303米，是北京的第一峰。西与龙门森林公园毗邻；东与龙门涧景区相连；南与109国道相通。由于其海拔高度所致，使灵山在方圆25平方公里内形成北京地区集断层山、褶皱山为一体，奇峰峻俏、花卉无垠的自然风景区。</p><p>这里既有暖温带植被，又有西伯利亚寒冷地带亲缘植被。生长着杜鹃、丁香、白桦林和榛子、黄花、等植物，尤以高山草甸最为著名，因此，它是新疆细毛羊、伊犁马、青藏牦牛在北京唯一的天然繁衍养殖场，也是野生动物的乐园。</p><p>&nbsp; &nbsp; 灵山风景区内有旅游饭店3座，可同时接待就餐1200人，住宿500人以上。此外，村内有农家旅店，如有兴趣住进“山兄弟”、“山里人”，定能享受一下山里人的烤全羊、烤野兔和手扒羊肉等野味。</p><p>成人门票：35元</p><p>地址：门头沟区灵山景区管理处</p><p>公交车：乘坐公交汽车、电车到苹果园下车前200米转乘929支线至双塘涧（灵山脚下）每天四趟。</p><p><br/></p><p>电话：010-61827994、61827028</p><p>门票：35元/人，老人、学生、残疾人士凭有效证件17.5元/人，军人凭有效证件免费。</p><p>地址：北京市门头沟区灵山景区</p>',5,0,11,'1',1,2,10,'download/image_url/20150524_224714_571477.jpg',NULL,NULL,NULL,'2015-05-24','系统管理员',NULL,NULL,'2015-05-24 22:47:14','2015-05-24 22:47:14',1),(332,4,'龙门涧','<p>&nbsp; &nbsp; 龙门涧位于门头沟区清水乡燕家台西北侧。有长江三峡之峻拔，桂林山水之秀美，又有匡庐之飞瀑，黄山之叠泉。因此人们以“燕京小三峡”、“京西小桂林”、“大自然中的山水盆景”等赞语赞美龙门涧。</p><p>&nbsp; &nbsp; 龙门涧分为东西两涧，各绵延十余里。由于这里聚集了我国几类著名风景区的景色，诸如“三峡之气势”、“桂林之秀美”、“匡庐之飞瀑”、“黄 山之叠泉”，都可以在这里看到缩影，因此，龙门涧得到了许多 如“燕京小三峡”，“京西小桂林”、“京西小黄山”等美誉。 进入龙门涧峡谷，两侧山峰对峙，高耸碧空，如斧劈成。涧内泉水涓涓，清澈碧透，溪水潺潺，奔腾飞溅。冬日崖挂冰凌，夏日绿枝俏控。还有将军石、一线天、试剑峰、黑龙潭、听音阁、祭天台等景观。半山腰上，在一簇簇鲜花掩映下，十几个巨大的石灰岩洞若隐若现，为游人增添了无穷乐趣。由于山高谷深，日照温度低，盛夏酷暑时节，涧内却凉爽宜人，是旅游度假的好去处。</p><p><br/></p><p>地址：门头沟区西部清水镇燕家台村</p><p>电话：(010)61828185,(010)61828185</p>',5,0,11,'1',1,2,10,'download/image_url/20150524_224755_937404.jpg',NULL,NULL,NULL,'2015-05-24','系统管理员',NULL,NULL,'2015-05-24 22:47:55','2015-05-24 22:47:55',1),(333,4,'妙峰山','<p><span>　　国家3A级旅游景区。位于北京市门头沟区妙峰山镇。109国道34公里处。距北京市区55公里，是集人文和自然风光于一体的自然风景旅游景区。妙峰山惠济祠等庙宇群始建于辽金时代，后经历次战争运动仅存少量遗址，成为北京红色景点之一。1986年由有关部门组织重建，1988年成立景区重新对游人开放。</span></p><p><span><br/></span></p><p><span><strong>山庙会</strong></span></p><p><span>　　北京的庙会起源于辽代，称“上巳春游”。元、明两代庙会进一步兴起。妙峰山庙会始于明代，每年农历四月初一至十八妙峰山开山半月余，日以万计的香客络绎于途，有的一步一揖，三步一扣首；有的竟以背鞍、滚砖、耳箭、悬灯等方式进香以示虔诚。各种民间香会边走边练，幡旗飘扬，鼓磬齐鸣，观者如潮。妙峰山庙会期，京都万人空巷，其规模堪称华北之首。</span></p><p><span>妙峰山传统庙会始于明代崇祯年间，距今已有300余年的历史。每年的农历四月初一至十五，来自全国各地数十万善男信女，几百档民间花会汇聚妙峰山，朝顶进香，酬山赛会，施粥布茶，场面之壮观，信众之虔诚实属罕见。清《燕京岁时记》载：“妙峰山每属四月，自初 一开庙半月，香火极盛，人烟幅辏，车马喧闹，夜间灯火之繁灿如列宿，香火实可甲于天下矣”。1925年，北京大学国学门研究所对妙峰山庙会进行了专门调查，出版了《妙峰山进香专号》，此次调查开创了我国民俗学田野调查的先河，妙峰山因此成为中国民俗文化的发祥地。</span></p><p><span>妙峰山庙会在文革和抗战期间中断了数十年，一九九零年京城老香会“秘密”到妙峰山朝顶进香，酬山赛会。一九九三年政府正式批准妙峰山举办首届春香庙会，古老的妙峰山庙会文化又焕发出新的生机。如今的妙峰山庙会除完整保留了明清时期香客朝顶，香会酬山，施粥、布茶、舍馒头等传统形式外，还增加了商品交易、民俗展示、文艺演出等新内容，形成京城独具魅力、积极健康的民俗活动。</span></p><p><span><br/></span></p><p><span><strong>山花会</strong></span></p><p><span>　　花会最早称香会，因解放后破出迷信，改香会为花会。花会属于民间组织，始见于明朝中叶，花会有“文会”和“武会”之分。“文会”：各种行业都有自己的会，如“粥茶会”、“面茶会”、“青菜会”、“献盐会”、“缝绽会”等几十种名目。“武会”：门内有杠箱会、狮子会、中幡会、杠子会、石锁会、双石会、吵子会、花坛会、花钹大鼓、开路会、五虎棍、秧歌会、太平会等十三种名目。门外有旱船、踏车、云车、小车等各名目。此外还有吏部杠子会、户部秧歌会、礼部大执事会、兵部杠箱会、刑部石锁会、工部石锁会、太子府花坛会、掌礼司太狮会、翰林院五虎棍会、雪池五虎打路会等十堂官会。</span></p><p><span>旧时花会献艺的场所主要是“三山”“五顶”。“三山”既平谷的丫髻山、门头沟的妙峰山、石景山的天台山。“五顶”既京城五座比较闻名的娘娘庙：东直门外的称东顶、海淀蓝靛厂的称西顶、永外大红门的称南顶、安定门外的称北顶、丰台草桥的称中顶。乾隆皇帝封妙峰山娘娘庙为金顶，地位在“五顶”之上。</span></p><p><span><br/></span></p><p><span><strong>花会表演</strong></span></p><p><span>　　清朝前妙峰山每年两次庙会，农历四月初一至十八的春香庙会和农历七月初一至十五的秋香庙会，庙会期间花会必来朝顶进香，各会以到妙峰山朝顶为荣，并规定“未到妙峰山朝顶的花会不为正宗会”，各会严格遵循“车笼自备，茶水不扰”的会规，提倡一秉虔心和无私奉献精神。</span></p><p><span>　　妙峰山庙会兴盛时期花会多达几百档，自1990年恢复妙峰山庙会以来，已有130余档民间花会遵循传统会规到妙峰山朝顶献艺。</span></p><p><span><br/></span></p><p><span><strong>慈禧与娘娘庙</strong></span></p><p><span>　　北京西部的妙峰山，盛产玫瑰，据说是中国面积最大、品种最好的玫瑰养殖地；妙峰山的玫瑰虽好，但不如山上的娘娘庙名声大。每年农历的四月初一至十五，是妙峰山朝山之日，来自各地上百档花会云集，成千上万香客来往于香道之间，人山人海，蔚为壮观。民俗学家将妙峰山庙会誉为中国民俗文化研究的发祥地。老北京人甚至有“妙峰山的娘娘——照远不照近”歇后语。</span></p><p><span>　　妙峰山娘娘庙肇始何年不详，笔者分析，至少在明代就已经存在。据清代史料记载，有相当一段时间，朝廷对妙峰山庙会是禁止的。妙峰山庙会在清代末期名声远播，影响华北乃至全国，是与西太后慈禧的影响不无关系。</span></p><p><span><br/></span></p><p><span><strong>慈禧与眺远斋</strong></span></p><p><span>　　在颐和园内谐趣园北侧，高台之上，有一座巍峨颐和园眺远斋的大殿，五楹卷棚歇山式，前廊后厦，颇为气派。坐在殿内，对颐和园外的景致一览无遗，这就是眺远斋，是专门为慈禧观看前往妙峰山进香花会修建的。</span></p><p><span>　　却说这一年四月，春暖花开，慈禧来到谐趣园观花赏景，忽然听见园外锣鼓喧天，喝彩声不断，便问身边的李莲英：“园外这么热闹是干什么呢？”李莲英急忙差人出去察看，回来禀报：“是去妙峰山进香的走会。”</span></p><p><span>　　慈禧一向喜欢热闹，便对李莲英说：“我想看看走会的。”李莲英哪敢答应，叩头回奏说：“老佛爷出园看走会事小，可惊了凤驾奴才担当不起。今年的香会说话就过完了，回头在这谐趣园内专修一座宝殿，供老佛爷赏花看会，岂不是两全其美。”慈禧点头应允。于是，谐趣园内大兴土木，赶在第二年的四月初一，眺远斋大功告成。慈禧每每登上大殿，观看各路香会表演，看得兴起，少不了发个懿旨，赏赐哪一个香会点什么物件。这一来，赴妙峰山的香会纷纷来到颐和园外，给老佛爷献上绝技，指望得到封号或者赏赐。</span></p><p><span>　　妙峰山的香会分为“武会”和“文会”两种，并有“老会”和“圣会”之称。“老会”是百年以上的&nbsp;</span></p><p><span>香会，而“圣会”则不到百年。据《京都风物志》载：“城内诸般歌舞之会，必于此月登山酬赛，谓之‘朝顶进香’。如开路(要耍三股叉)、秧歌、挎鼓、高跷、太少师、五虎棍、扛箱会”等。“武会”大多从京城菜市口的山西洪洞会馆、白纸坊纸业公会、德胜门外松林闸三处出发，途中，锣鼓齐奏，每到茶棚，都要表演，“观者如堵，使进香沿途十分热闹壮观”。“文会”又为“善会”，是北京、天津地区百姓自发组织起来为进香人服务的慈善组织，如“茶棚老会”(供茶)、“施粥老会”(供粥)、“献盐老会”(供盐)、“拜席老会”(供席棚)、“燃灯老会”(供灯火)等。</span></p><p><span>　　据说，自打慈禧在眺远斋观赏香会以后，便有了“皇会”之说，也就是得到慈禧赏赐的香会有了可以炫耀的新旗号。</span></p><p><span><br/></span></p><p><span><strong>慈禧与“金阶”</strong></span></p><p><span>　　去妙峰山进香的路，原为崎岖小径，陡峭艰险。清同治年间，慈禧太后提出，准备去妙峰山进香。太监刘诚印闻言，便以素云道人名义，会同大太监安德海出资重修香道。将山道拓宽7尺，选取天然青石板，一层层铺砌，绵延数里。工程浩大，完全凭借人力，加之工期紧，气候恶劣，造价昂贵。据说每铺一级石阶，造价就是一两白银，因而得“金阶”之名。</span></p><p><span><br/></span></p><p><span><strong>慈禧与“头炷香”</strong></span></p><p><span>　　到妙峰山娘娘庙进香，过去讲究抢烧头一炷香。据说，谁得以烧得四月初一头炷香，便会“如愿以偿“。于是香客们千方百计纷纷争先，早早上山，争抢头柱香。</span></p><p><span>　　身居紫禁城皇宫内的娘娘们也相信头炷香的魅力，于是，在一个</span></p><p><span>善来金阶时期，头炷香便成了皇室的“专利”。到了清同治、光绪年间，慈禧也要去妙峰山进香，这头炷香便被慈禧垄断了。她曾下懿旨：“先期预诏庙祝，必须宫中进香后，始行开庙，谓之头香。”有宫词云：“昨夜慈宁亲诏下，妙高峰里进头香。”(故宫里的慈宁宫，是太后居住的地方。这里指慈禧。)</span></p><p><span>慈禧手书匾额</span></p><p><span>　　妙峰山娘娘庙正殿是灵感宫，有正殿三间，供奉“天仙圣母碧霞元君”。门檐原来悬挂三块匾额，分别是“慈光普照”、“功侔富媪”、“泰云垂荫”。据说原来均为慈禧所书，现已无存。</span></p><p><br/></p><p>地址： 北京门头沟区妙峰山镇</p><p>电话：(010)61882936</p>',12,0,11,'1',1,2,10,'download/image_url/20150524_224808_352554.jpg',NULL,NULL,NULL,'2015-05-24','系统管理员',NULL,NULL,'2015-05-24 22:48:08','2015-05-24 22:48:08',1),(334,3,'大鸭梨','<p>地址：北京近郊门头沟区新桥南大街49号(月季园小区对面)</p><p>电话：(010)69834563</p>',7,0,11,'1',1,1,9,'download/image_url/20150524_231027_730846.jpg',NULL,NULL,NULL,'2015-05-24','系统管理员',NULL,NULL,'2015-05-24 23:04:05','2015-05-24 23:04:05',1),(335,3,'福华肥牛','<p>地址：北京近郊门头沟区新桥南大街49号(月季园小区对面)</p><p>电话：(010)69846725</p>',30,0,11,'1',1,2,8,'download/image_url/20150524_231021_399721.jpg',NULL,NULL,NULL,'2015-05-24','系统管理员',NULL,NULL,'2015-05-24 23:04:49','2015-05-24 23:04:49',1),(340,3,'新新饭庄','<p>地址：近郊门头沟区新桥大街49号(北京市门头沟区政府)</p><p>电话：(010)69862198</p><p><br/></p><p>门头沟区政府对面，有一家新新饭庄，这里有我魂牵梦绕的肉包子。</p><p style=\"text-align: center;\"><img src=\"http://localhost/mtg/umeditor/upload/20150526/33181432627216804.jpg\" _src=\"http://localhost/mtg/umeditor/upload/20150526/33181432627216804.jpg\" style=\"\"/></p><p style=\"text-align: center;\"><img src=\"http://localhost/mtg/umeditor/upload/20150526/91231432627220249.jpg\" _src=\"http://localhost/mtg/umeditor/upload/20150526/91231432627220249.jpg\" style=\"\"/></p><p style=\"text-align: center;\"><img src=\"http://localhost/mtg/umeditor/upload/20150526/97221432627222876.jpg\" _src=\"http://localhost/mtg/umeditor/upload/20150526/97221432627222876.jpg\" style=\"\"/></p><p style=\"text-align: center;\"><img src=\"http://localhost/mtg/umeditor/upload/20150526/65691432627225647.jpg\" _src=\"http://localhost/mtg/umeditor/upload/20150526/65691432627225647.jpg\" style=\"\"/></p><p style=\"text-align: center;\"><img src=\"http://localhost/mtg/umeditor/upload/20150526/62861432627228276.jpg\" _src=\"http://localhost/mtg/umeditor/upload/20150526/62861432627228276.jpg\" style=\"\"/></p><p style=\"text-align: center;\"><br/></p>',3,0,11,'1',1,2,10,'download/image_url/20150526_155952_365641.jpg',NULL,NULL,NULL,'2015-05-24','系统管理员',NULL,NULL,'2015-05-24 23:07:41','2015-05-24 23:07:41',1),(343,5,'大峪中学','<p>北京市大峪中学始建于1946年，1978年列为北京市重点中学，2004年进入北京市普通高中示范校行列。是一所校风优良、质量上乘的北京市重点中学，莘莘学子向往的京西名校。学校位于九龙山下，永定河畔，北京门头沟城镇中心的滨河德露苑18号，新的开发区内。</p><p><br/></p><p>学校地址：门头沟区滨河德露苑18号</p><p>邮政编码：102300</p><p>联系电话：61864110</p><p>学校网址：http://www.dyzx-bj.com/</p>',12,0,11,'1',1,2,8,'download/image_url/20150526_140229_544065.jpg',NULL,NULL,NULL,'2015-05-24','系统管理员',NULL,NULL,'2015-05-24 23:22:24','2015-05-24 23:22:24',1),(351,90,'捐赠我们','<p style=\"box-sizing: border-box; padding: 0px; color: rgb(51, 51, 51); line-height: 22.8571434020996px; white-space: normal; text-align: center; background-color: rgb(255, 255, 255);\">支付宝捐赠二维码 &nbsp; &nbsp; &nbsp; &nbsp; &nbsp; &nbsp; &nbsp; &nbsp; &nbsp; &nbsp; &nbsp; &nbsp; 微信捐赠二维码</p><p style=\"box-sizing: border-box; padding: 0px; color: rgb(51, 51, 51); line-height: 22.8571434020996px; white-space: normal; text-align: center; background-color: rgb(255, 255, 255);\"><img src=\"http://ww1.sinaimg.cn/mw690/3fc7e281jw1eqec436tzwj2074074mxr.jpg\" style=\"box-sizing: border-box; margin: 0px; padding: 0px; border: 0px; vertical-align: middle;\"/>&nbsp; &nbsp;&nbsp;<img src=\"http://ww1.sinaimg.cn/mw690/3fc7e281jw1es3jr0k25xj20a50a5q3v.jpg\" style=\"box-sizing: border-box; margin: 0px; padding: 0px; border: 0px; vertical-align: middle; line-height: 1.42857143; width: 256px; height: 256px;\"/></p><p style=\"box-sizing: border-box; padding: 0px; color: rgb(51, 51, 51); line-height: 22.8571434020996px; white-space: normal; text-align: center; background-color: rgb(255, 255, 255);\"><br/></p><br/><p><br/></p>',0,0,11,'1',1,2,19,NULL,NULL,NULL,NULL,'2015-05-26','系统管理员',NULL,NULL,'2015-05-26 10:39:11','2015-05-26 10:39:11',1),(352,90,'关于我们','<p style=\"white-space: normal; box-sizing: border-box; padding: 0px; color: rgb(51, 51, 51); line-height: 22.8571434020996px; background-color: rgb(255, 255, 255);\"><span style=\"line-height: 22.8571434020996px;\"></span></p><p>可通过如下方式联系我们：<br/></p><p>联系方式：qq(369191470)</p><p style=\"white-space: normal; box-sizing: border-box; padding: 0px; color: rgb(51, 51, 51); line-height: 22.8571434020996px; background-color: rgb(255, 255, 255);\"><a target=\"_blank\" href=\"http://mail.qq.com/cgi-bin/qm_share?t=qm_mailme&email=_crKyc-LzszIzrmIiNealpQ\" style=\"box-sizing: border-box; margin: 0px; padding: 0px; color: rgb(66, 139, 202); text-decoration: none; background: 0px 0px;\"></a></p><p style=\"white-space: normal;\"><a target=\"_blank\" href=\"http://mail.qq.com/cgi-bin/qm_share?t=qm_mailme&email=allcU1tTW15dWiobG0QJBQc\" style=\"text-decoration: none;\"><img src=\"http://rescdn.qqmail.com/zh_CN/htmledition/images/function/qm_open/ico_mailme_02.png\"/></a></p><p><br/></p>',1,0,11,'1',1,2,13,NULL,NULL,NULL,NULL,'2015-05-26','系统管理员',NULL,NULL,'2015-05-26 10:39:24','2015-05-26 10:39:24',1),(353,90,'联系我们','<p style=\"white-space: normal; box-sizing: border-box; padding: 0px; color: rgb(51, 51, 51); line-height: 22.8571434020996px; background-color: rgb(255, 255, 255);\"><span style=\"line-height: 22.8571434020996px;\">地址：北京市</span><br/></p><p style=\"white-space: normal; box-sizing: border-box; padding: 0px; color: rgb(51, 51, 51); line-height: 22.8571434020996px; background-color: rgb(255, 255, 255);\">联系方式：qq(369191470)</p><p style=\"white-space: normal; box-sizing: border-box; padding: 0px; color: rgb(51, 51, 51); line-height: 22.8571434020996px; background-color: rgb(255, 255, 255);\"><a target=\"_blank\" href=\"http://mail.qq.com/cgi-bin/qm_share?t=qm_mailme&email=_crKyc-LzszIzrmIiNealpQ\" style=\"box-sizing: border-box; margin: 0px; padding: 0px; color: rgb(66, 139, 202); text-decoration: none; background: 0px 0px;\"></a></p><p><a target=\"_blank\" href=\"http://mail.qq.com/cgi-bin/qm_share?t=qm_mailme&email=allcU1tTW15dWiobG0QJBQc\" style=\"text-decoration:none;\"><img src=\"http://rescdn.qqmail.com/zh_CN/htmledition/images/function/qm_open/ico_mailme_02.png\"/></a></p>',0,0,11,'1',1,2,15,NULL,NULL,NULL,NULL,'2015-05-26','系统管理员',NULL,NULL,'2015-05-26 10:39:53','2015-05-26 10:39:53',1),(354,90,'免责声明','<p>本网站对本网站上所有由第三方提供的信息、内容和服务，不提供明示或暗示的担保。本网站对使用上述信息、内容和服务所造成的任何损失不承担责任，包括直接损失和间接损失。<br/></p><p><br/></p>',0,0,11,'1',1,2,20,NULL,NULL,NULL,NULL,'2015-05-26','系统管理员',NULL,NULL,'2015-05-26 10:40:04','2015-05-26 10:40:04',1),(355,90,'广告服务','<p>广告服务请通过以下方式联系：</p><p style=\"box-sizing: border-box; margin-top: 0px; margin-bottom: 10px; color: rgb(51, 51, 51); font-family: &#39;Helvetica Neue&#39;, Helvetica, Arial, sans-serif; font-size: 14px; white-space: normal; padding: 0px; line-height: 22.8571434020996px; background-color: rgb(255, 255, 255);\">联系方式：qq(369191470)</p><p style=\"box-sizing: border-box; margin-top: 0px; margin-bottom: 10px; color: rgb(51, 51, 51); font-family: &#39;Helvetica Neue&#39;, Helvetica, Arial, sans-serif; font-size: 14px; white-space: normal; padding: 0px; line-height: 22.8571434020996px; background-color: rgb(255, 255, 255);\"><a target=\"_blank\" href=\"http://mail.qq.com/cgi-bin/qm_share?t=qm_mailme&email=_crKyc-LzszIzrmIiNealpQ\" style=\"box-sizing: border-box; color: rgb(66, 139, 202); text-decoration: none; margin: 0px; padding: 0px; background: 0px 0px;\"></a></p><p style=\"box-sizing: border-box; margin-top: 0px; margin-bottom: 10px; color: rgb(51, 51, 51); font-family: &#39;Helvetica Neue&#39;, Helvetica, Arial, sans-serif; font-size: 14px; line-height: 20px; white-space: normal; background-color: rgb(255, 255, 255);\"><a target=\"_blank\" href=\"http://mail.qq.com/cgi-bin/qm_share?t=qm_mailme&email=allcU1tTW15dWiobG0QJBQc\" style=\"box-sizing: border-box; color: rgb(51, 122, 183); text-decoration: none; background-color: transparent;\"><img src=\"http://rescdn.qqmail.com/zh_CN/htmledition/images/function/qm_open/ico_mailme_02.png\" style=\"box-sizing: border-box; border: 0px; vertical-align: middle;\"/></a></p>',0,0,11,'1',1,2,17,NULL,NULL,NULL,NULL,'2015-05-26','系统管理员',NULL,NULL,'2015-05-26 10:40:30','2015-05-26 10:40:30',1),(378,5,'金钱小学',NULL,3,0,11,'1',1,2,9,'download/image_url/20160117_001411_381494.jpg',NULL,NULL,NULL,'2015-05-26','系统管理员',NULL,NULL,'2015-05-26 13:58:48','2015-05-26 13:58:48',1),(381,100,'我的博文','<p>测试</p>',1,0,11,'1',1,2,20,NULL,NULL,NULL,NULL,'2015-06-04','系统管理员',NULL,NULL,NULL,'2015-06-17 22:23:52',1),(403,3,'测试1',NULL,0,0,11,'1',1,2,10,NULL,NULL,NULL,NULL,'2016-01-17','系统管理员',NULL,NULL,'2016-01-17 00:31:02','2016-01-17 00:31:02',1),(404,3,'测试2',NULL,0,0,11,'1',1,2,10,NULL,NULL,NULL,NULL,'2016-01-17','系统管理员',NULL,NULL,'2016-01-17 00:31:10','2016-01-17 00:31:10',1),(405,5,'测试1',NULL,0,0,11,'1',1,2,10,NULL,NULL,NULL,NULL,'2016-01-17','系统管理员',NULL,NULL,'2016-01-17 00:32:06','2016-01-17 00:32:06',1),(406,5,'测试2',NULL,1,0,11,'1',1,2,10,NULL,NULL,NULL,NULL,'2016-01-17','系统管理员',NULL,NULL,'2016-01-17 00:32:12','2016-01-17 00:32:12',1),(407,5,'测试3',NULL,0,0,11,'1',1,2,10,NULL,NULL,NULL,NULL,'2016-01-17','系统管理员',NULL,NULL,'2016-01-17 00:32:16','2016-01-17 00:32:16',1);

/*Table structure for table `tb_articlelike` */

DROP TABLE IF EXISTS `tb_articlelike`;

CREATE TABLE `tb_articlelike` (
  `id` int(11) NOT NULL AUTO_INCREMENT COMMENT 'id',
  `article_id` int(11) DEFAULT NULL COMMENT '文章ID',
  `create_time` varchar(64) DEFAULT NULL COMMENT '创建时间',
  `create_id` int(11) DEFAULT '0' COMMENT '创建者',
  PRIMARY KEY (`id`)
) ENGINE=InnoDB DEFAULT CHARSET=utf8 COMMENT='喜欢的文章';

/*Data for the table `tb_articlelike` */

/*Table structure for table `tb_comment` */

DROP TABLE IF EXISTS `tb_comment`;

CREATE TABLE `tb_comment` (
  `id` int(11) NOT NULL AUTO_INCREMENT COMMENT '主键',
  `fatherId` int(11) DEFAULT NULL COMMENT '父评论ID',
  `article_id` int(11) DEFAULT NULL COMMENT '文章ID',
  `content` text NOT NULL COMMENT '内容',
  `status` int(11) DEFAULT '11' COMMENT '状态//select/11,评论未读,12,评论已读,21,回复未读,22,回复已读',
  `reply_userid` int(11) DEFAULT NULL,
  `create_time` varchar(64) DEFAULT NULL COMMENT '创建时间',
  `create_id` int(11) DEFAULT '0' COMMENT '创建者 评论者',
  PRIMARY KEY (`id`)
) ENGINE=InnoDB AUTO_INCREMENT=190 DEFAULT CHARSET=utf8 COMMENT='评论';

/*Data for the table `tb_comment` */

insert  into `tb_comment`(`id`,`fatherId`,`article_id`,`content`,`status`,`reply_userid`,`create_time`,`create_id`) values (55,0,101,'这是一个java新人开发的金钱管理软件，内容比较简单，本着帮助新人以及为学习Jfinal的态度。\n\nJFinal-Money采用了简洁强大的JFinal作为web框架，模板引擎用的是jsp，数据库用mysql，前端bootstrap框架。\n\n运行效果：http://jmoney.jd-app.com/\n',22,2,'2015-03-16 17:19:33',3),(101,0,1,'101',12,1,'2015-03-24 22:29:42',1),(102,0,1,'102',12,1,'2015-03-24 22:29:42',1),(103,0,1,'103',12,1,'2015-03-24 22:29:42',1),(104,0,1,'104',12,1,'2015-03-24 22:29:42',1),(105,0,1,'105',12,1,'2015-03-24 22:29:42',1),(106,0,1,'106',12,1,'2015-03-24 22:29:42',1),(107,0,1,'107',12,1,'2015-03-24 22:29:42',1),(108,0,1,'108',12,1,'2015-03-24 22:29:42',1),(109,0,1,'109',12,1,'2015-03-24 22:29:42',1),(110,0,1,'110',12,1,'2015-03-24 22:29:42',1),(111,0,1,'111',12,1,'2015-03-24 22:29:42',1),(112,0,1,'112',12,1,'2015-03-24 22:29:42',1),(113,0,1,'113',12,1,'2015-03-24 22:29:42',1),(114,0,1,'114',12,1,'2015-03-24 22:29:42',1),(115,0,1,'115',12,1,'2015-03-24 22:29:42',1),(116,0,1,'116',12,1,'2015-03-24 22:29:42',1),(117,0,1,'117',12,1,'2015-03-24 22:29:42',1),(118,0,1,'118',12,1,'2015-03-24 22:29:42',1),(119,0,1,'119',12,1,'2015-03-24 22:29:42',1),(120,0,1,'120',12,1,'2015-03-24 22:29:42',1),(121,0,1,'121',12,1,'2015-03-24 22:29:42',1),(122,0,1,'122',12,1,'2015-03-24 22:29:42',1),(123,0,1,'123',12,1,'2015-03-24 22:29:42',1),(124,0,1,'124',12,1,'2015-03-24 22:29:42',1),(125,0,1,'125',12,1,'2015-03-24 22:29:42',1),(126,0,1,'126',12,1,'2015-03-24 22:29:42',1),(127,0,1,'127',12,1,'2015-03-24 22:29:42',1),(128,0,1,'128',12,1,'2015-03-24 22:29:42',1),(129,0,1,'129',12,1,'2015-03-24 22:29:42',1),(130,0,1,'130',12,1,'2015-03-24 22:29:42',1),(131,0,1,'131',12,1,'2015-03-24 22:29:42',1),(132,0,1,'132',12,1,'2015-03-24 22:29:42',1),(133,0,1,'133',12,1,'2015-03-24 22:29:42',1),(134,0,1,'134',12,1,'2015-03-24 22:29:42',1),(135,0,1,'135',12,1,'2015-03-24 22:29:42',1),(136,0,1,'136',12,1,'2015-03-24 22:29:42',1),(137,0,1,'137',12,1,'2015-03-24 22:29:42',1),(138,0,1,'138',12,1,'2015-03-24 22:29:42',1),(139,0,1,'139',12,1,'2015-03-24 22:29:42',1),(140,0,1,'140',12,1,'2015-03-24 22:29:42',1),(141,0,1,'141',12,1,'2015-03-24 22:29:42',1),(142,0,1,'142',12,1,'2015-03-24 22:29:42',1),(143,0,1,'143',12,1,'2015-03-24 22:29:42',1),(144,0,1,'144',12,1,'2015-03-24 22:29:42',1),(145,0,1,'145',12,1,'2015-03-24 22:29:42',1),(146,0,1,'146',12,1,'2015-03-24 22:29:42',1),(147,0,1,'147',12,1,'2015-03-24 22:29:42',1),(148,0,1,'148',12,1,'2015-03-24 22:29:42',1),(149,0,1,'149',12,1,'2015-03-24 22:29:42',1),(150,0,1,'150',12,1,'2015-03-24 22:29:42',1),(151,0,1,'151',12,1,'2015-03-24 22:29:42',1),(152,0,1,'152',12,1,'2015-03-24 22:29:42',1),(153,0,1,'153',12,1,'2015-03-24 22:29:42',1),(154,0,1,'154',12,1,'2015-03-24 22:29:42',1),(155,0,1,'155',12,1,'2015-03-24 22:29:42',1),(156,0,1,'156',12,1,'2015-03-24 22:29:42',1),(157,0,1,'157',12,1,'2015-03-24 22:29:42',1),(158,0,1,'158',12,1,'2015-03-24 22:29:42',1),(159,0,1,'159',12,1,'2015-03-24 22:29:42',1),(160,0,1,'160',12,1,'2015-03-24 22:29:42',1),(161,0,1,'161',12,1,'2015-03-24 22:29:42',1),(162,0,1,'162',12,1,'2015-03-24 22:29:42',1),(163,0,1,'163',12,1,'2015-03-24 22:29:42',1),(164,0,1,'164',12,1,'2015-03-24 22:29:42',1),(165,0,1,'165',12,1,'2015-03-24 22:29:42',1),(166,0,1,'166',12,1,'2015-03-24 22:29:42',1),(167,0,1,'167',12,1,'2015-03-24 22:29:42',1),(168,0,1,'168',12,1,'2015-03-24 22:29:42',1),(169,0,1,'169',12,1,'2015-03-24 22:29:42',1),(170,0,1,'170',12,1,'2015-03-24 22:29:42',1),(171,0,1,'171',12,1,'2015-03-24 22:29:42',1),(172,0,1,'172',12,1,'2015-03-24 22:29:42',1),(173,0,1,'173',12,1,'2015-03-24 22:29:42',1),(174,0,1,'174',12,1,'2015-03-24 22:29:42',1),(175,0,1,'175',12,1,'2015-03-24 22:29:42',1),(176,0,1,'176',12,1,'2015-03-24 22:29:42',1),(177,0,1,'177',12,1,'2015-03-24 22:29:42',1),(178,0,1,'178',12,1,'2015-03-24 22:29:42',1),(179,0,1,'179',12,1,'2015-03-24 22:29:42',1),(180,0,1,'180',12,1,'2015-03-24 22:29:42',1),(181,0,1,'181',12,1,'2015-03-24 22:29:42',1),(182,0,1,'182',12,1,'2015-03-24 22:29:42',1),(183,0,1,'183',12,1,'2015-03-24 22:29:42',1),(184,0,1,'184',12,1,'2015-03-24 22:29:42',1),(185,0,1,'185',12,1,'2015-03-24 22:29:42',1),(186,0,1,'186',12,1,'2015-03-24 22:29:42',1),(187,0,1,'187',12,1,'2015-03-24 22:29:42',1),(188,0,1,'188',12,1,'2015-03-24 22:29:42',1),(189,0,1,'189',12,1,'2015-03-24 22:29:42',1);

/*Table structure for table `tb_contact` */

DROP TABLE IF EXISTS `tb_contact`;

CREATE TABLE `tb_contact` (
  `id` int(11) NOT NULL AUTO_INCREMENT COMMENT '主键',
  `name` varchar(256) NOT NULL COMMENT '姓名',
  `phone` varchar(32) DEFAULT NULL COMMENT '手机号',
  `email` varchar(32) DEFAULT NULL COMMENT 'Email',
  `addr` varchar(256) DEFAULT NULL COMMENT '地址',
  `birthday` varchar(32) DEFAULT NULL COMMENT '生日',
  `remark` varchar(256) DEFAULT NULL COMMENT '说明',
  `create_time` varchar(64) DEFAULT NULL COMMENT '创建时间',
  `create_id` int(11) DEFAULT '0' COMMENT '创建者',
  PRIMARY KEY (`id`)
) ENGINE=InnoDB AUTO_INCREMENT=24 DEFAULT CHARSET=utf8 COMMENT='联系人';

/*Data for the table `tb_contact` */

insert  into `tb_contact`(`id`,`name`,`phone`,`email`,`addr`,`birthday`,`remark`,`create_time`,`create_id`) values (1,'张三','15812345678','zhangsan@sina.com','北京市','2015-04-28',NULL,'2015-01-27',1),(2,'张三','15812345678','zhangsan@sina.com','北京市','2015-04-28',NULL,'2015-01-27',1),(3,'张三','15812345678','zhangsan@sina.com','北京市','2015-04-28',NULL,'2015-01-27',1),(4,'张三','15812345678','zhangsan@sina.com','北京市','2015-04-28',NULL,'2015-01-27',1),(5,'张三','15812345678','zhangsan@sina.com','北京市','2015-04-28',NULL,'2015-01-27',1),(6,'张三','15812345678','zhangsan@sina.com','北京市','2015-04-28',NULL,'2015-01-27',1),(7,'张三','15812345678','zhangsan@sina.com','北京市','2015-04-28',NULL,'2015-01-27',1),(8,'张三','15812345678','zhangsan@sina.com','北京市','2015-04-28',NULL,'2015-01-27',1),(9,'张三','15812345678','zhangsan@sina.com','北京市','2015-04-28',NULL,'2015-01-27',1),(10,'张三','15812345678','zhangsan@sina.com','北京市','2015-04-28',NULL,'2015-01-27',1),(11,'张三1','15812345678','zhangsan@sina.com','北京市','2015-04-28',NULL,'2015-01-27',1),(12,'张三3','15812345678','zhangsan@sina.com','北京市','2015-04-28',NULL,'2015-01-27',1),(13,'1张三3','15812345678','zhangsan@sina.com','北京市','2015-04-28',NULL,'2015-01-27',1),(14,'2张三3','15812345678','zhangsan@sina.com','北京市','2015-04-28',NULL,'2015-01-27',1),(15,'3张三3','15812345678','zhangsan@sina.com','北京市','2015-04-28',NULL,'2015-01-27',1),(16,'7张三3','15812345678','zhangsan@sina.com','北京市','2015-04-28',NULL,'2015-01-27',1),(17,'8张三3','15812345678','zhangsan@sina.com','北京市','2015-04-28',NULL,'2015-01-27',1),(18,'9张三3','15812345678','zhangsan@sina.com','北京市','2015-04-28',NULL,'2015-01-27',1),(19,'9张三3','15812345678','zhangsan@sina.com','北京市','2015-04-28',NULL,'2015-01-27',1),(20,'5三3','15812345678','zhangsan@sina.com','北京市','2015-04-28',NULL,'2015-01-27',1),(21,'7三3','15812345678','zhangsan@sina.com','北京市','2015-04-28',NULL,'2015-01-27',1),(22,'2三3','15812345678','zhangsan@sina.com','北京市','2015-04-28',NULL,'2015-01-27',1),(23,'3三3','15812345678','zhangsan@sina.com','北京市','2015-04-28',NULL,'2015-01-27',1);

/*Table structure for table `tb_error` */

DROP TABLE IF EXISTS `tb_error`;

CREATE TABLE `tb_error` (
  `id` int(11) NOT NULL AUTO_INCREMENT COMMENT '主键',
  `type` int(11) DEFAULT NULL COMMENT '类型',
  `ip` varchar(64) NOT NULL COMMENT 'IP地址',
  `userid` int(11) DEFAULT NULL COMMENT '用户ID',
  `content` text COMMENT '描述',
  `remark` text COMMENT '备注',
  `create_time` varchar(64) DEFAULT NULL COMMENT '创建时间',
  `create_id` int(11) DEFAULT '0' COMMENT '创建者',
  PRIMARY KEY (`id`)
) ENGINE=InnoDB AUTO_INCREMENT=3 DEFAULT CHARSET=utf8 COMMENT='异常数据';

/*Data for the table `tb_error` */

insert  into `tb_error`(`id`,`type`,`ip`,`userid`,`content`,`remark`,`create_time`,`create_id`) values (1,1,'127.0.0.1',2,'上传数量：2015062100(11)-20150621(11)',NULL,'2015-06-21 00:24:30',2),(2,1,'127.0.0.1',2,'上传数量：2015062100(11)-20150621(11)',NULL,'2015-06-21 00:26:32',2);

/*Table structure for table `tb_folder` */

DROP TABLE IF EXISTS `tb_folder`;

CREATE TABLE `tb_folder` (
  `id` int(11) NOT NULL AUTO_INCREMENT COMMENT '目录id',
  `parent_id` int(11) DEFAULT '0' COMMENT '父ID',
  `name` varchar(100) NOT NULL DEFAULT '' COMMENT '中文名',
  `key` varchar(100) DEFAULT '' COMMENT 'URL KEY',
  `path` varchar(200) NOT NULL DEFAULT '' COMMENT '路径',
  `content` text COMMENT '描述',
  `sort` int(11) DEFAULT '1' COMMENT '排序',
  `status` varchar(20) DEFAULT '1' COMMENT '状态//radio/2,隐藏,1,显示',
  `type` int(11) DEFAULT '1' COMMENT '类型 1 普通目录 2 a标签 3 a标签_blank 4 直接加载url信息',
  `jump_url` varchar(200) DEFAULT NULL COMMENT '跳转地址',
  `html_id` varchar(50) DEFAULT NULL COMMENT '网页id',
  `head_keywords` varchar(200) DEFAULT NULL COMMENT 'SEO keywords',
  `head_description` varchar(200) DEFAULT NULL COMMENT 'SEO description',
  `update_time` varchar(64) DEFAULT NULL COMMENT '更新时间',
  `update_id` int(11) DEFAULT '0' COMMENT '更新人',
  `create_time` varchar(64) DEFAULT NULL COMMENT '创建时间',
  `create_id` int(11) DEFAULT '0' COMMENT '创建者',
  PRIMARY KEY (`id`)
) ENGINE=InnoDB AUTO_INCREMENT=91 DEFAULT CHARSET=utf8 COMMENT='目录';

/*Data for the table `tb_folder` */

insert  into `tb_folder`(`id`,`parent_id`,`name`,`key`,`path`,`content`,`sort`,`status`,`type`,`jump_url`,`html_id`,`head_keywords`,`head_description`,`update_time`,`update_id`,`create_time`,`create_id`) values (1,0,'首页','home','','首页',1,'1',1,NULL,'nav_j408',NULL,NULL,'2015-01-28 16:54:03',0,'2015-01-30 13:24:58',1),(2,0,'了解朗国','#j409','','了解朗国',2,'1',1,NULL,'nav_j409',NULL,NULL,'2015-05-24 15:46:40',0,'2015-01-30 13:24:58',1),(3,0,'加入朗国','#j410','','加入朗国',3,'1',1,NULL,'nav_j410',NULL,NULL,'2015-05-24 15:46:54',0,'2015-01-30 13:24:58',1),(4,0,'我在朗国','#j411','','我在朗国',5,'1',1,NULL,'nav_j411',NULL,NULL,'2015-05-24 15:47:43',0,'2015-05-24 15:47:43',1),(5,0,'你问我答','#j412','','你问我答',7,'1',1,NULL,'nav_j412',NULL,NULL,'2015-05-24 15:47:55',0,'2015-05-24 15:47:55',1),(6,0,'联系我们','#j413','','联系我们',8,'1',1,NULL,'nav_j413',NULL,NULL,'2015-05-24 15:47:55',0,'2015-05-24 15:47:55',1);

/*Table structure for table `tb_folder_roll_picture` */

DROP TABLE IF EXISTS `tb_folder_roll_picture`;

CREATE TABLE `tb_folder_roll_picture` (
  `id` int(11) NOT NULL AUTO_INCREMENT COMMENT 'id',
  `folder_id` int(11) NOT NULL COMMENT '目录id',
  `identify` varchar(200) DEFAULT NULL COMMENT '标识',
  `title` varchar(200) DEFAULT '' COMMENT '题目',
  `content` varchar(2000) DEFAULT NULL COMMENT '内容',
  `job` varchar(1000) DEFAULT NULL,
  `sort` int(11) DEFAULT '1' COMMENT '排序',
  `status` int(11) DEFAULT '1' COMMENT '状态//radio/2,隐藏,1,显示',
  `image_url` varchar(256) DEFAULT NULL COMMENT '图片路径',
  `hover_image_url` varchar(256) DEFAULT NULL,
  `position` varchar(256) DEFAULT NULL COMMENT '位置',
  `is_deleted` int(11) NOT NULL DEFAULT '0' COMMENT '是否已删除',
  `update_time` varchar(64) DEFAULT NULL COMMENT '更新时间',
  `update_id` int(11) DEFAULT '0' COMMENT '更新人',
  `create_time` varchar(64) DEFAULT NULL COMMENT '创建时间',
  `create_id` int(11) DEFAULT '0' COMMENT '创建者',
  PRIMARY KEY (`id`)
) ENGINE=InnoDB AUTO_INCREMENT=77 DEFAULT CHARSET=utf8 COMMENT='栏目轮播图';

/*Data for the table `tb_folder_roll_picture` */

insert  into `tb_folder_roll_picture`(`id`,`folder_id`,`identify`,`title`,`content`,`job`,`sort`,`status`,`image_url`,`hover_image_url`,`position`,`is_deleted`,`update_time`,`update_id`,`create_time`,`create_id`) values (1,4,'','办公园区·大楼','我们的办公地点坐落于广州高新技术开发区,交通方便，环境优雅,广州这座繁华的城市也有宁静的一面',NULL,1,1,'static/lango/testIMG/111.jpg',NULL,NULL,1,'2016-03-26 19:59:05',1,'2016-01-28 17:40:22',1),(2,4,'','办公园区·后院','环境优雅，空气清新',NULL,2,1,'static/lango/testIMG/222.jpg',NULL,NULL,1,'2016-03-26 19:59:13',1,'2016-01-28 17:42:40',1),(3,4,'','公司一角·前台','每天前台的大电视上会轮播业界相关新闻动态,关注业界信息、紧跟时代浪潮！',NULL,3,1,'static/lango/testIMG/333.jpg',NULL,NULL,1,'2016-03-26 19:59:19',1,'2016-01-28 17:42:12',1),(4,4,'','公司大楼·楼间小憩','办公楼里面的小憩阳台,让我们午间的休息更加惬意^^',NULL,4,1,'static/lango/testIMG/444.jpg',NULL,NULL,1,'2016-03-26 19:59:26',1,'2016-01-28 17:41:13',1),(5,4,'','餐厅·午间水果','均衡膳食是我们不懈的追求,快乐工作、健康生活^^',NULL,5,1,'static/lango/testIMG/555.jpg',NULL,NULL,1,'2016-03-26 19:59:31',1,'2016-03-16 19:42:41',1),(6,4,'','天天运动·羽毛球','大家的身体健康同样是我们重点关心的,没有健康就没有团队的未来,运动ING……',NULL,6,1,'static/lango/testIMG/666.jpg',NULL,NULL,1,'2016-03-26 19:59:36',1,'2016-03-16 19:43:10',1),(7,4,'','活动·爬山小憩','丹霞山边的客栈,看看谁是大力士',NULL,7,1,'static/lango/testIMG/777.jpg',NULL,NULL,1,'2016-03-26 19:59:41',1,'2016-03-16 19:43:31',1),(11,3,'技术开发','WEB前端','岗位职责：<br>\r\n1、负责网站产品与手机APP相关界面设计、制作；<br>\r\n2、psd切图，div/css标准网页制作，解决主流浏览器兼容性问题，完成网站视觉优化；<br>\r\n3、与后台工程师配合，展示数据；<br>\r\n4、特殊js交互效果的实现，Ajax代码实现；<br>\r\n5、前端代码优化，参与设计网站效果图并完成web前端的开发工作；<br>\r\n6、负责前端框架的设计与建设。<br><br>\r\n任职要求：<br>\r\n1、熟练掌握Photoshop/Coredraw/Illustrator等前端设计工具；<br>\r\n2、精通html/css/javascript，尤其擅长用css+div，能在前端独当一面；<br>\r\n3、熟练使用JQuery及其常用插件实现各种网页特效；<br>\r\n4、熟悉W3C标准，对表现与数据分离、Web语义化等有深刻理解；<br>\r\n5、精通各大主流浏览器兼容开发；<br>\r\n6、对用户体验、交互操作流程、及用户需求有深入理解；<br>\r\n7、认真负责,沟通协作意识良好,能够承担工作压力,具备良好的逻辑思维能力和学习能力；<br>\r\n8、有良好的团队合作精神,有责任感,有较好的沟通能力。<br>','WEB前端工程师',9,1,'static/lango/testIMG/23.png','static/lango/testIMG/23a.png','1',1,'2016-03-27 13:36:28',1,'2016-03-17 10:02:04',1),(12,3,'技术开发','算法/协议','岗位职责：<br> 1、通信协议的设计与实现；<br> 2、个性化推荐系统的设计、建模和持续改进；<br> 3、大数据处理平台工具的开发、维护；<br> 4、windows客户端软件的开发、维护；<br> 5、为业务推广、销售策略、产品方向的改进,提供数据算法模型的支持，如:防流失、防作弊模型等；<br> 6、基于数据挖掘和机器学习算法，针对业务场景设计和完善用户模型、内容模型和特征体系。<br><br> 任职要求： <br> 1、数学、计算机、信息安全等相关专业；<br> 2、有较强的C/C++、Java或其它语言的工程实践能力，至少掌握一门脚本语言，如Shell/Python/PHP；<br> 3、精通网络套接字编程，熟悉TCP/IP协议；<br> 4、掌握mathematica、matlab或其它数学计算软件进行推导和验证；<br> 5、掌握安全协议分析工具；<br> 6、掌握常用的推荐算法和机器学习算法，如协同过滤、逻辑回归、GBDT等，有推荐、广告或搜索算法研发经验者优先；<br> 7、熟悉图像、音频、视频处理算法者优先；<br> 8、对公钥、分组、杂凑、序列密码算法有较深入研究，熟练掌握其分析攻击方法及安全性证明方法者优先；<br> 9、熟悉hadoop M/R以及Hive和HBase，有MPI平台开发经验者优先。<br>','算法与协议开发工程师',8,1,'static/lango/testIMG/14.png','static/lango/testIMG/14a.png','1',1,'2016-03-27 13:36:20',1,'2016-03-17 11:41:28',1),(13,3,'技术开发','ios','略','ios软件开发工程师',7,1,'static/lango/testIMG/11.png','static/lango/testIMG/11a.png','1',1,'2016-03-27 13:36:13',1,'2016-03-17 11:48:19',1),(14,3,'技术开发','嵌入式','岗位职责：<br>\r\n1、负责产品的嵌入式软件设计开发；<br>\r\n2、与硬件设计人员配合完成系统联调和优化；<br>\r\n3、编写产品设计、测试相关技术文档、产品验证、试产跟进和技术支持。<br><br>\r\n任职要求：<br>\r\n1、计算机、自动化或电子通信类专业毕业，本科以上学历；<br>\r\n2、熟悉Linux或者Android系统优先、熟悉网络知识者优先；<br>\r\n3、熟练掌握嵌入式软硬件产品设计开发流程，熟悉各类开发工具和开发环境；<br>\r\n4、熟悉各种总线协议和通讯接口，及各种常用32位芯片的体系结构； <br>\r\n5、具有一定的硬件知识，能熟练使用各种调试工具如万用表，示波器等；<br>\r\n6、熟悉C/C++编程，有良好的编程风格和习惯；<br>\r\n7、英语六级；<br>\r\n8、工作认真负责，具有良好的沟通能力和团队合作精神，能承担较大工作压力。<br>','嵌入式软件开发工程师',6,1,'static/lango/testIMG/17.png','static/lango/testIMG/17a.png','1',1,'2016-03-27 13:36:06',1,'2016-03-17 11:51:08',1),(15,3,'技术开发','硬件','岗位职责：<br>\r\n1、研发项目原理图设计与开发工作；<br>\r\n2、调试研发新产品；<br>\r\n3、物料的评估及选用；<br>\r\n4、根据客户及市场需求进行现场技术支持。<br><br>\r\n任职要求：<br>\r\n1、本科以上学历，英语六级；<br>\r\n2、能熟练使用Protel、Cadence进行原理图设计；<br>\r\n3、了解各种电子元器件的参数，精通模拟电路、高频电路、数字电路、通信原理等，熟悉嵌入式系统硬件设计；<br>\r\n4、熟练操作各种电子仪器仪表及工具，掌握硬件调试的基本内容；<br>\r\n5、了解CE、3C认证、ESD防护相关知识；<br>\r\n6、具备良好的学习、动手能力，对硬件开发具有浓厚的兴趣和爱好、勤于思考、善于研究；<br>\r\n7、满足以上条件，且有事业心、有创业精神者优先。<br>','硬件工程师',5,1,'static/lango/testIMG/26.png','static/lango/testIMG/26a.png','1',1,'2016-03-27 13:35:58',1,'2016-03-17 11:53:31',1),(16,3,'技术开发','大数据/数据','岗位职责：<br>\r\n1、分析与建立业务主题，对大规模数据进行整理，建立挖掘模型；<br>\r\n2、对离散的数据进行统计、挖掘，找出数据间的相关关系，并基于发现的关系实现自动化的决策建议、信息提示；<br>\r\n3、联网数据的爬取、过滤、整理、分析与挖掘；<br>\r\n4、分析系统技术缺陷、持续数据挖掘迭代。<br><br>\r\n任职要求：<br>\r\n1、本科以上学历，计算机、软件、数学等专业，能够阅读英文专业文献；<br>\r\n2、具有良好的数学基础，掌握数理统计、数据挖掘等方面的模型与算法，对数据结构与算法设计有较深刻的理解；<br>\r\n3、具有自然语言处理、分词、数据爬取、hadoop等方面的项目经验优先；<br>\r\n4、熟悉一门脚本语言，熟悉JAVA开发；<br>\r\n5、热爱技术研究、具有钻研精神；<br>\r\n6、善于团队沟通与合作，乐于分享。<br>','大数据/数据挖掘工程师',4,1,'static/lango/testIMG/2.png','static/lango/testIMG/2a.png','1',1,'2016-03-27 13:35:46',1,'2016-03-17 11:55:44',1),(17,3,'技术开发','软件测试','岗位职责：<br>\r\n1、参与项目需求分析，提出需求疑问；<br>\r\n2、负责项目测试计划、测试用例编写，并进行测试计划和用例的评审；<br>\r\n3、根据测试计划搭建和维护测试环境；<br>\r\n4、执行测试工作，提交测试报告，包括编写用于测试的自动测试脚本，完整的记录测试结果，编写完整的测试报告等相关的技术文档；<br>\r\n5、对测试中发现的问题进行详细分析和准确定位，与开发人员讨论缺陷解决方案；<br>\r\n6、提出对产品的进一步改进的建议，并评估改进方案是否合理，对测试结果进行总结与统计分析，对测试进行跟踪并提出反馈意见；<br>\r\n7、为业务部门提供相应技术支持，确保各系统质量指标。<br><br>\r\n任职要求：<br>\r\n1、本科以上学历，计算机或软件相关专业，能够阅读英文专业文献；<br>\r\n2、有web测试经验，有手机app测试经验的优先；<br>\r\n3、熟悉测试理论，熟悉基于web的网站测试方法；<br>\r\n4、熟悉web测试流程，web应用开发相关知识，以及一种以上主流web测试工具（如jmeter、QTP、LoadRunner 等）；<br>\r\n5、根据平台相关需求写出测试用例；<br>\r\n6、熟悉浏览器兼容性测试；<br>\r\n7、有压力测试、性能测试、安全测试经验者优先；<br>\r\n8、熟悉mysql数据库，熟练使用sql语句进行数据测试；<br>\r\n9、热爱测试工作并具有高度的工作热情和敬业精神，具有良好的沟通交流、团队合作、抗压能力。<br>','软件测试工程师',3,1,'static/lango/testIMG/20.png','static/lango/testIMG/20a.png','1',1,'2016-03-27 13:35:39',1,'2016-03-17 11:57:56',1),(18,3,'技术开发','Android','岗位职责：<br>\r\n1、Android系统的维护，并根据需求开发和定制Android相关功能；<br>\r\n2、能够开发并维护Android APP。<br><br>\r\n任职要求：<br>\r\n1、计算机、软件、电子等专业本科以上学历；<br>\r\n2、熟悉Java，熟悉Android或Linux，有Android或Linux开发经验；<br>\r\n3、熟悉socket编程；<br>\r\n4、有嵌入式软件开发相关经验者优先；<br>\r\n5、英语四级以上水平；<br>\r\n6、工作认真负责，具有良好的沟通能力和团队合作精神，能承担较大工作压力。<br>','Android软件工程师\r\n',2,1,'static/lango/testIMG/1.png','static/lango/testIMG/1a.png','1',1,'2016-03-27 13:35:26',1,'2016-03-17 11:59:52',1),(19,3,'技术开发','JAVAWEB','岗位职责：<br>\r\n1、根据需求分析与任务计划书进行产品开发；<br>\r\n2、参加前期产品的实施与部分产品运维工作；<br>\r\n3、研究用户的使用习惯，提升产品的用户体验；<br>\r\n4、参与新技术的预研。<br><br>\r\n任职要求：<br>\r\n1、扎实的计算理论基础；<br>\r\n2、熟悉spring、spring mvc、shiro、js、ajax、hibernate、bootstrap等web开发技术，同时熟悉android优先；<br>\r\n3、熟悉网络知识、LINUX系统常用配置、有一定的运维能力优先；<br>\r\n4、熟悉HTML5、flex、velocity等前端知识尤佳；<br>\r\n5、熟悉工作流activity框架优先；<br>\r\n6、热衷于技术开发工作、乐于挑战技术难题，有创业梦想。<br>','JAVA WEB开发工程师',1,1,'static/lango/testIMG/12.png','static/lango/testIMG/12a.png','1',1,'2016-03-27 14:19:16',1,'2016-03-17 12:24:52',1),(20,3,'商务管理','交互设计','岗位职责：<br>\r\n1、通过用户研究和数据分析，制定产品信息架构、界面布局、功能引导、操作流程等优化方案，提升产品的易用性；<br>\r\n2、持续关注并分析行业竞品，提炼基于产品特性及用户特性的体验优点，并能够合理转化和进行设计借鉴；<br>\r\n3、负责产品的策划与创新，进行需求调研分析，提供产品原型、需求分析、功能描述等文档；<br>\r\n4、制作包含产品流程图、产品需求文档及产品原型，持续跟踪产品上线的数据，分析产品达标情况；<br>\r\n5、与视觉设计师合作完成页面视觉效果图，并协同前端开发团队实现交互效果；<br>\r\n6、定义交互设计规范及交互元件库，并对其进行维护、更新；<br>\r\n7、了解用户研究方法，能配合用户研究员的研究工作以支持设计。<br><br>\r\n任职要求：<br>\r\n1、具备良好的文字功底，思路清晰，有能力编写易读的使用说明和帮助文档；<br>\r\n2、熟练掌握原型设计、各种交付物制作软件；<br>\r\n3、能快速构建高质量的信息构架、流程图、线框图、交互原型；精通故事板、原型设计、信息设计的原则和方法；<br>\r\n4、逻辑思维能力强，熟练掌握业务需求分析、产品需求分解的技巧；<br>\r\n5、熟悉 UCD 方法和工作流程；<br>\r\n6、具有美术功底及良好的创意构思能力，很好把握视觉色彩与网站布局，思想敏锐活跃，有独到的审美修养；<br>\r\n7、具备专业用户体验理论的知识储备，能阐述具有说服力的设计理论，视野宽广，了解交互行业的发展趋势，对新鲜和流行充满好奇心；<br>\r\n8、具备良好的软件用户界面交互设计和分析能力, 善于发现和提出给用户带来方便的界面特性设计；<br>\r\n9、认真细致，善于创新，良好的团队协作性，及出色的观察与产品界面分析能力；<br>\r\n10、对互联网行业热情，对互联网产品有深入体验和理解。<br>','交互设计师',13,1,'static/lango/testIMG/13.png','static/lango/testIMG/13a.png','2',1,'2016-03-27 14:22:46',1,'2016-03-17 12:29:30',1),(21,3,'商务管理','平面(UI)','岗位职责 ：<br>\r\n1、 协助项目进行产品界面设计；<br> \r\n2、 对公司网站界面进行设计修改，协助进行网站更新及维护工作；<br> \r\n3、 协助各业务部门制作PPT、产品演示版本等； <br>\r\n4、 协助设计主管进行平面、动画制作类的相关标准制定以及流程的制定及创新工作。 <br>\r\n5、 负责公司CI、产品包装、广告宣传等的美术设计制作等； <br>\r\n6、 其他相关美术设计方面的工作。<br><br> \r\n任职要求：<br>\r\n1、 美术、平面设计相关专业，大学本科及以上学历； <br>\r\n2、 有相关实习经验者优先； <br>\r\n3、 熟练掌握Flash、Fireworks、Dreamweaver、Photoshop、Coreldraw等设计软件；<br> \r\n4、 热爱本职工作，工作细心、责任心强； <br>\r\n5、 具有较强的理解、领悟能力、工作协调能力和创造力。<br>','平面(UI)设计',12,1,'static/lango/testIMG/22.png','static/lango/testIMG/22a.png','2',1,'2016-03-27 14:22:53',1,'2016-03-17 13:45:22',1),(22,3,'商务管理','销售','岗位范围：<br>\r\n1、 完成国内外业务的销售任务；<br>\r\n2、 开拓客户，规划产品线；<br>\r\n3、 代表公司建立产业资源链条，树立公司形象；<br><br>\r\n任职要求：<br>\r\n1、有追求，有梦想；<br>\r\n2、有较强的抗压能力，能面对困难、勇往直前；<br>\r\n3、喜欢与人打交道，具有较强的沟通协调能力、学习力和思辨力；<br>\r\n4、做事认真、负责，勇于担当，严于律己；<br>\r\n5、英语过CET-6级；<br>\r\n6、有相关特长者优先；<br>\r\n薪资待遇：底薪+提成，年收入不低于20万<br>','销售工程师',11,1,'static/lango/testIMG/14.png','static/lango/testIMG/14a.png','2',1,'2016-03-27 14:23:01',1,'2016-03-17 13:46:46',1),(23,3,'商务管理','管理培训生','岗位范围：<br>\r\n1、 从事商务类及管理类的工作，例如：行政后勤、人力资源、财会、销售管理、项目管理、生产采购、供应链管理等；<br>\r\n2、 公司提供轮岗学习的平台，在实践中熟悉公司运营，了解自己的职业倾向，培养岗位的兴趣爱好，并在轮岗后确定个人的发展方向。<br><br>\r\n任职要求：<br>\r\n1、具有较强的沟通协调能力、观察力和思辨力；<br>\r\n2、有较强的学习、适应能力，能迅速接受新事物；<br>\r\n3、严格自律，具有良好的团队合作精神；<br>\r\n4、做事认真、负责，勇于担当；<br>\r\n5、英语过CET-6级；<br>\r\n6、有相关特长者优先。<br>','管理培训生\r\n',10,1,'static/lango/testIMG/6.png','static/lango/testIMG/6a.png','2',1,'2016-03-27 14:23:12',1,'2016-03-17 13:48:18',1),(24,3,'客户类型','客户现场支持','岗位职责：<br>\r\n1、参与嵌入式软件功能开发与维护； <br>\r\n2、现场客户需求的沟通以及需求开发；<br>\r\n3、解决产品现场应用中遇到的问题；<br> \r\n4、维护或协助销售维护客户关系；<br>\r\n5、收集竞品在客户端的应用信息。<br><br>\r\n任职要求：<br>\r\n1、计算机、电子、自动化相关专业本科及以上学历；<br>\r\n2、良好的C、C++语言基础，并具备基本的电子基础知识； <br>\r\n3、良好的沟通能力和逻辑思维能力； <br>\r\n4、能够适应出差。<br>\r\n5、英语四级，能够阅读英文文档； <br>\r\n6、有极强的责任感、较好的学习能力，做事认真负责。<br>','客户现场支持工程师',14,1,'static/lango/testIMG/25.png','static/lango/testIMG/25a.png','3',1,'2016-03-27 14:22:36',1,'2016-03-17 13:49:46',1),(25,2,'左上角','朗国简介','广州朗国电子科技有限公司在移动互联时代的号角声中于2013年初在资本的帮助下，于南国羊城孕育而生。团队创业者们倔强的秉承“专业主义精神”。。。。。','<br>         广州朗国电子科技有限公司在移动互联时代的号角声中于2013年初在资本的帮助下，于南国羊城孕育而生。团队创业者们倔强的秉承“专业主义精神”，把“创新改善生活,团队成就价值”作为团队创业之根本追求，把用户使用价值作为检验产品之唯一标准。团队创业者们坚定的把死磕产品创新、满足客户需求作为经营原则之一，持续的探索更为适合的开放、活泼、严谨的团队合作环境，打造一支有时代责任感、有创新能力的技术团队。\r\n       团队重点从事\"液晶显示技术\"、基于移动互联的“智慧商显”的研发及应用，现有成员100多人，其中专业工程师70多人。团队创立至今，我们坚守“非宁静无以致远”的古训，认真苛刻的投入到产品的设计，投入到团队的建设。用心血凝聚的作品，如即将呱呱坠地的婴儿，如海边已经隐约看见桅杆的帆船，我们在坚守中等待一轮冉冉升起的朝阳。\r\n       我们通过一次次热切的宣传、通过一次次真诚的交流，企望能寻找到打动到有 “诚信、坦荡、负责、认真”品格的时代开拓者们。',1,1,'static/lango/testIMG/slide11.png',NULL,'1',1,'2016-03-18 08:55:48',1,'2016-03-18 08:55:48',1),(26,2,'右上角','团队价值观','坚定不移的坚持创新是朗国生存和发展液晶电视（显示机，优秀的团队和优质的产品是公司赖以生液晶电视的两大基本点。我们追求“诚信、负责、坦荡、认真”的价值观。。。。。。','<br>        坚定不移的坚持创新是朗国生存和发展的发动机，优秀的团队和优质的产品是公司赖以生存的两大基本点。我们追求“诚信、负责、坦荡、认真”的价值观，坚持用严格的制度约束工作行为，用真爱塑有正确价值观的团队。我们相信梦想有多大，舞台就有多大。作为一个创业、创新的设计公司，朗国的每一位成员都充满着热情与激情展开每一天的工作，我们工作很累、很辛苦，但却充满欢乐与喜悦，因为我们挥洒着青春，是为了心中的梦想和美好的未来。',2,1,'static/lango/testIMG/slide12.png',NULL,'1',1,'2016-03-18 09:06:56',1,'2016-03-18 09:06:56',1),(27,2,'左下角','液晶显示项目简介','液晶显示项目为嵌入式产品及技术的开发，主要涉及了团队创业者们倔强液晶电视（显示）主板的硬件开发、软件开发及软硬件团队创业者们倔强的秉承“专技术支持等技术研发工作。。。。。。','<br>        液晶显示项目为嵌入式产品及技术的开发，主要涉及了液晶电视（显示）主板的硬件开发、软件开发及软硬件技术支持等技术研发工作。产品线覆盖了美洲、欧洲、亚洲、澳洲等全球区域，从基本电视主板、DVB、ATSC、IPTV、ANDROID TV到4K TV我们皆有成熟的产品。2014年就实现了项目盈利。朗国科技与业界各大整机生产商皆建立了紧密的合作关系。从2013年年中开始我们便投入重金自主开发符合我们自己管理理念的RDM和OA系统，结合信息自动化实现团队标准化、数据化、规范化、制度化的管理目标；从2013年年初开始，我们便专门成立了检测设备研发项目组，为自已量身打造了一整套网络自动测试系统，使我们的生产品质检测做到网络化、自动化、数据化，成为行业先进生产力的代表之一，更是我们产品品质的不二保障；在售后服务方面，我们有专门的客户服务团队， 长期驻扎在客户的产线，在客户需要我们的每一个环节，都进行最贴身的服务。',3,1,'static/lango/testIMG/slide13.png',NULL,'1',1,'2016-03-18 09:10:27',1,'2016-03-18 09:10:27',1),(28,2,'右下角','智慧商显项目简介','智慧商显领域力求将传统的广告多媒体变革为集液晶显示、广告发布、移动控制为一体的智慧多媒体系统，形成全新的智慧商显生态体系。。。。。。','<br>        智慧商显领域力求将传统的广告多媒体变革为集液晶显示、广告发布、移动控制为一体的智慧多媒体系统，形成全新的智慧商显生态体系；在智慧酒店电视领域，小百合在智能电视系统基础上，集成自主研发的电商、应用平台，为用户提供更加多元化的视听、娱乐服务，打造独立自主品牌，树立优秀的行业标准和品牌形象。',4,1,'static/lango/testIMG/slide14.png',NULL,'1',1,'2016-03-18 09:12:43',1,'2016-03-18 09:12:43',1),(29,2,'公司剪影1','办公园区·大楼','<br>我们的办公地点坐落于广州高新技术开发区<br>广州这座繁华的城市也有宁静的一面<br>交通方便，环境优雅<br>适合工作<br>适合在这里放飞理想',NULL,5,1,'static/lango/testIMG/sec111.png',NULL,'2',1,'2016-03-18 09:57:42',1,'2016-03-18 09:57:42',1),(30,2,'公司剪影2','办公园区·后院','<br> 环境优雅，空气清新<br>工作之余也可以在这里散散步，欣赏这里优美的风景<br>优美的环境可以陶冶人的情操<br>这里绝不单单是工作的地方<br>也是一个居住的好地方<br><br>',NULL,6,1,'static/lango/testIMG/sec222.png',NULL,'2',1,'2016-03-18 10:00:38',1,'2016-03-18 10:00:38',1),(31,2,'公司剪影3','公司一角·前台','<br>每天前台的大电视上会轮播业界相关新闻动态<br>关注业界信息、紧跟时代浪潮！<br><br>',NULL,7,1,'static/lango/testIMG/sec333.png',NULL,'2',1,'2016-03-18 10:01:28',1,'2016-03-18 10:01:28',1),(32,2,'公司剪影4','餐厅·午间水果','<br>均衡膳食是我们不懈的追求<br>快乐工作、健康生活^^<br><br>',NULL,8,1,'static/lango/testIMG/sec444.png',NULL,'2',1,'2016-03-18 10:02:35',1,'2016-03-18 10:02:35',1),(33,2,'公司剪影5','活动·小憩','<br>大家的身体健康同样是我们重点关心的<br>没有健康就没有团队的未来<br>运动ING……<br>',NULL,9,1,'static/lango/testIMG/sec555.png',NULL,'2',1,'2016-03-18 10:03:45',1,'2016-03-18 10:03:45',1),(34,2,'邀请语','朗国电子科技','<br>我们通过一次次热切的宣传<br>通过一次次真诚的交流<br>企望能寻找到打动到<br>有 “诚信、坦荡、负责、认真”品格的时代开拓者们<br>我们在这里等着你的到来！<br>',NULL,10,1,NULL,NULL,'2',1,'2016-03-18 10:05:35',1,'2016-03-18 10:05:35',1),(35,2,'薪资福利1','收入结构','<br><br><br>☆年收入=月薪*13月+季度奖金+在职股权分红；<br><br>☆公司提供多元化福利，转正满两年且非常优秀的员工，有机会得到公司配车奖励及公司在职股权。',NULL,11,1,'static/lango/testIMG/sec41.png',NULL,'3',1,'2016-03-18 10:55:01',1,'2016-03-18 10:55:01',1),(36,2,'薪资福利2','薪资标准','<br><br><br><br>☆应届本科毕业生，技术开发类月薪7K-9K，年收入不少于10W；<br><br>☆应届本科毕业生，测试、商务、客户支持类月起薪6K，年收入不少于9W；<br><br>☆应届硕士毕业生，技术开发类月起薪8K-10K，年收入不少于12W；<br><br>☆应届硕士毕业生，测试、商务、客户支持类月起薪7K，年收入不少于11W；<br><br>☆销售薪资结构：底薪（6K）+提成【一名合格的销售年收入不少于20W】；<br><br>',NULL,12,1,'static/lango/testIMG/sec42.png',NULL,'3',1,'2016-03-18 10:56:39',1,'2016-03-18 10:56:39',1),(37,2,'薪资福利3','住宿环境','<br><br>☆公司有员工宿舍，并按规定提供一定的补贴，1~2人/间；<br>☆宿舍在环境优美的小区中，免费配备了床、衣柜、空调、热水器、洗衣机、挂烫机等生活设施。<br>☆针对实习的同学，公司免费提供住宿！ ',NULL,13,1,'static/lango/testIMG/sec43.png',NULL,'3',1,'2016-03-18 10:58:04',1,'2016-03-18 10:58:04',1),(38,2,'薪资福利4','三餐及水果','<br><br>☆公司有专门的员工饭堂，有专职的师父负责一日三餐，营养搭配合理，饭菜丰盛，物美价廉；<br>☆不限量的为小伙伴们免费提供牛奶饮料、各类水果及休闲小食^.^；<br>☆实习的同学，公司免费提供一日三餐；<br>',NULL,14,1,'static/lango/testIMG/sec44.png',NULL,'3',1,'2016-03-18 10:59:07',1,'2016-03-18 10:59:07',1),(39,2,'薪资福利5','聚餐','<br><br><br><br>☆每月至少有1~2次部门或者公司的聚餐，尝遍广州美食，做个十足的吃货；',NULL,15,1,'static/lango/testIMG/sec45.png',NULL,'3',1,'2016-03-18 11:00:46',1,'2016-03-18 11:00:46',1),(40,2,'薪资福利6','健康体检','<br><br><br><br>☆每年安排一次免费的员工全面身体检查，并为有实际困难的同事提供医疗保障；',NULL,16,1,'static/lango/testIMG/sec46.png',NULL,'3',1,'2016-03-18 11:01:34',1,'2016-03-18 11:01:34',1),(41,2,'薪资福利7','六险一金','<br><br><br><br>☆除了基本的社会保险，朗国给每一位成员添加了意外保险及其它商业保险，提高我们及家人的抗风险能力；',NULL,17,1,'static/lango/testIMG/sec47.png',NULL,'3',1,'2016-03-18 11:02:15',1,'2016-03-18 11:02:15',1),(42,2,'薪资福利8','旅行','<br><br><br><br>☆“身体和心灵，必须有一个在路上”，朗国人会工作也会放松，公司会不定期的安排各种活动；',NULL,18,1,'static/lango/testIMG/sec48.png',NULL,'3',1,'2016-03-18 11:02:46',1,'2016-03-18 11:02:46',1),(43,2,'薪资福利9','带薪年假','<br><br><br><br>☆转正满一年的员工即可享受一年五天的带薪年假和年假期间往返广州的机票。',NULL,19,1,'static/lango/testIMG/sec49.png',NULL,'3',1,'2016-03-18 11:03:23',1,'2016-03-18 11:03:23',1),(44,2,'上方','日常培训','导师形式</font><br>加入朗国的同学们都会有一位公司的资深前辈负责工作指导及咨询。 <br>随时可进行答疑、解惑，相互学习、共同进步。^_^<br>','授课形式</font><br>每周公共培训+专业培训——朗国提倡“活到老 学到老”，结合公司实际的情况，人事部安排多样性的培训任务。<br>',20,1,'static/lango/testIMG/pxtitle.png','static/lango/testIMG/pxtitle1.png','4',1,'2016-03-18 11:36:25',1,'2016-03-18 11:36:25',1),(45,2,'下方','职业发展','管理类岗位的职业发展</font><br>管理也是一种工作职能，并不意味着地位的高低。<br>凡转正满三年、在本职岗位上表现非常优秀的员工，经过公司股东讨论皆有机会进入公司的创业者团队，履行股东的责任与义务。朗国的未来期待你们！<br>','技术类岗位的职业发展</font><br>技术是可以做一辈子的职业，同时也可以在做技术的过程中依照自己的特长与爱好发展为部门的管理者。<br>朗国的宗旨是物尽其用、人尽其才。<br>我们乐意为我们的伙伴定制个性化的职业发展之路。<br>',21,1,'static/lango/testIMG/pxtitle3.png','static/lango/testIMG/pxtitle4.png','4',1,'2016-03-18 13:52:53',1,'2016-03-18 13:52:53',1),(46,6,'',NULL,' 广州朗国电子科技有限公司<br>广州总公司<br>地      址：广州天河区高普路136号 华天时代四层<br>人事热线：020-38329601 汪女士<br>人事邮箱：lhr@lango-tech.com<br>',NULL,1,1,NULL,NULL,'1',1,'2016-03-18 14:29:58',1,'2016-03-18 14:29:58',1),(48,1,'','在线投递简历','<br>☆请认真填写在线简历模板，系统审核后将不可再修改；<br><br>☆我们会安排在宣讲会后，现场接收纸质简历^^；',NULL,1,1,'static/lango/testIMG/text1.png',NULL,'1',1,'2016-03-26 19:57:43',1,'2016-03-18 15:07:50',1),(49,1,'','在线测评','☆要进入此项目请先完成在线投递简历的环节；<br> ☆投递简历后系统会分派唯一的职业测评用户名及密码，请保存；<br>☆简历投递后请选择60~90分钟的时间专门来完成在线职业测评<br>（点击“职业测评”即可进入测试页面）。<br>',NULL,2,1,'static/lango/testIMG/text2.png',NULL,'2',1,'2016-03-26 19:57:48',1,'2016-03-18 15:11:05',1),(50,1,'','专业笔试','☆参加我们的宣讲会后，我们根据大家的简历及职业测评结果筛选出符合我们需求的同学，进行专业笔试或无小组讨论面试；<br>☆在宣讲会后，我们会以邮件、电话、短信的形式通知笔试或面试事宜；',NULL,3,1,'static/lango/testIMG/text3.png',NULL,'3',1,'2016-03-26 19:57:56',1,'2016-03-18 15:14:16',1),(51,1,'','面试','<br>☆笔试或无小组讨论面试结束后，我们会根据相关结果，在一天内以邮件、电话、短信的形式进行面试通知。',NULL,4,1,'static/lango/testIMG/text4.png',NULL,'4',1,'2016-03-26 19:58:13',1,'2016-03-18 15:14:59',1),(52,1,'','OFFER','<br><br>☆到此阶段，恭喜你，可以签三方协议啦！',NULL,5,1,'static/lango/testIMG/text5.png',NULL,'5',1,'2016-03-26 19:58:24',1,'2016-03-18 15:15:42',1),(53,1,'','实习','☆已拿到OFFER的同学，我们会安排在毕业前到公司进行至少一个月（无上限）的实习（实习期间包吃住，另实习补贴2000元/月）；<br>☆公司会组织专业培训、工作实践、拓展训练等内容，让我们更加充分的了解彼此；',NULL,6,1,'static/lango/testIMG/text6.png',NULL,'6',1,'2016-03-26 19:58:29',1,'2016-03-18 15:16:24',1),(54,1,'','入职','<br><br>☆毕业啦！加入朗国，成就梦想！',NULL,7,1,'static/lango/testIMG/text7.png',NULL,'7',1,'2016-03-26 19:58:35',1,'2016-03-18 15:16:57',1),(55,5,'','你好，投递了职位后不能更改了么？','你好，感谢你对朗国电子招聘的关注。 关于网申，在投递了简历后岗位是不能修改的，所以建议同学们在慎重考虑之后选择岗位。如果确定要修改岗位，请发送“姓名+岗位修改+修改后岗位”的邮件至lhr@lango-tech.com邮箱，我们工作人员会尽快处理。祝求职顺利！ 另外，如果简历提交后我们后台已经审核，则简历内容无法再次修改；如果后台还未审核，则可以重新登陆修改简历。','想招君',1,1,NULL,NULL,'1',1,'2016-03-26 20:02:46',1,'2016-03-18 16:11:04',1),(56,5,'','实习时间是什么时候，实习期间待遇如何？','实习时间根据每位同学的课程安排而异，我们推荐的时间是在11月份到春节前来公司实习，实习时间当然越长越好，熟悉公司的同时也为未来的入职打好坚实的基础。我们以往有同学从11月份开始来公司实习直到毕业，毕业后直接转为正式员工。 实习期间，我们报销一次来往公司和学校的火车硬卧车票，包吃包住，另外每月有2000元的生活补助。 ','想招君',2,1,NULL,NULL,'1',1,'2016-03-26 20:00:07',1,'2016-03-18 16:12:40',1),(57,5,'','毕业生的档案及户口怎么安排？','毕业生可选择将档案及户口转到广州，我们与当地的南方人才市场有合作，迁往广州的档案及户口落在南方人才市场的集体户中。 需要户口转移的同学要在签协议时提出，并将签好的协议及其它资料一并交往校方办理户口及档案转移手续。','想招君',3,1,NULL,NULL,'1',1,'2016-03-26 20:00:14',1,'2016-03-18 16:13:10',1),(58,5,'','在朗国的职业发展是怎样的？','每个人的发展根据其能力与特长而不同。 有的同学对开发充满热情，我们可以将开发进行到底，从工程师，到项目工程师，再到高级工程师；有的同学对管理见解独到，在累积了一两年的经验后可发展为部门主管、项目经理、部门经理。 转正满三年，符合公司价值观的员工，更有晋升为团队股东的机会。 人的潜力是无限的，朗国的宗旨是不断的给优秀的员工提供广阔平台。 ','想招君',4,1,NULL,NULL,'1',1,'2016-03-26 20:00:24',1,'2016-03-18 16:13:33',1),(59,5,'','工作时间是怎样的，网上搜索到说公司工作时间很长，很少有节假日？','要想获得不一样的梦想，必须要有不一样的付出。我们是一群有梦想的年轻人，一周六天高强度的工作确实十分辛苦，但同时我们也一直在尽全力为大家营造舒适的工作环境，乐在其中的伙伴们并不认为这是个问题。公众的节假日我们均按国家的规定来放假，春节假期更会有多几天的时间以供大家与家人团聚。 时不待我，想要进行创业的伙伴们，想要激情一把的伙伴们，加入我们！','想招君',5,1,NULL,NULL,'1',1,'2016-03-26 20:00:29',1,'2016-03-18 16:13:59',1),(60,5,'','此次招聘针对哪些人员，2015年毕业的学生是否可以应聘？','此次主要针对应届毕业的毕业生，但我们公司向来是“不拘一格降人才”，已经毕业的优秀同学也可参与，请在投递简历时作说明。','想招君',6,1,NULL,NULL,'1',1,'2016-03-26 20:00:37',1,'2016-03-18 16:14:26',1),(61,1,'背景图片',NULL,NULL,NULL,13,1,'static/lango/testIMG/bg1.jpg',NULL,NULL,1,'2016-03-20 20:57:35',1,'2016-03-20 20:57:35',1),(62,1,'高校行程图片',NULL,NULL,NULL,12,1,'static/lango/testIMG/come6.png',NULL,NULL,1,'2016-03-20 21:47:17',1,'2016-03-20 21:47:17',1),(63,1,'郎国校园招聘图片',NULL,NULL,NULL,11,1,'static/lango/testIMG/langozp.png',NULL,NULL,1,'2016-03-20 22:16:34',1,'2016-03-20 22:16:34',1),(64,1,'招聘流程图片',NULL,NULL,NULL,10,1,'static/lango/testIMG/zptu.png',NULL,NULL,1,'2016-03-21 08:47:40',1,'2016-03-21 08:47:40',1),(65,1,'招聘流程文字',NULL,'招聘流程',NULL,8,1,NULL,NULL,NULL,1,'2016-03-26 19:58:42',1,'2016-03-21 09:52:57',1),(66,1,'二维码',NULL,'扫一扫关注','朗国招聘',9,1,'static/lango/testIMG/scode.jpg',NULL,NULL,1,'2016-03-26 19:58:48',1,'2016-03-21 12:15:32',1),(67,2,'背景图片',NULL,NULL,NULL,23,1,'static/lango/testIMG/bg4.jpg',NULL,NULL,1,'2016-03-21 18:22:22',1,'2016-03-21 18:22:22',1),(68,2,'郎国校园招聘图片',NULL,NULL,NULL,24,1,'static/lango/testIMG/langozp.png',NULL,NULL,1,'2016-03-21 18:57:20',1,'2016-03-21 18:57:20',1),(69,3,'背景图片',NULL,NULL,NULL,1,1,'static/lango/testIMG/bg3.jpg',NULL,NULL,1,'2016-03-21 19:11:49',1,'2016-03-21 19:11:49',1),(70,4,'背景图片',NULL,NULL,NULL,8,1,'static/lango/testIMG/bg2.jpg',NULL,NULL,1,'2016-03-21 19:18:17',1,'2016-03-21 19:18:17',1),(71,5,'背景图片',NULL,NULL,NULL,7,1,'static/lango/testIMG/bg5.jpg',NULL,NULL,1,'2016-03-26 19:53:01',1,'2016-03-21 19:29:29',1),(72,6,'背景图片',NULL,NULL,NULL,2,1,'static/lango/testIMG/bg6.jpg',NULL,NULL,1,'2016-03-21 19:32:11',1,'2016-03-21 19:32:11',1),(75,5,'','ytyty','','系统管理员',1,1,NULL,NULL,'1',2,'2016-03-26 21:52:54',0,'2016-03-26 21:52:54',0),(76,5,'','ddv','','系统管理员',1,1,NULL,NULL,'1',2,'2016-03-27 08:33:18',0,'2016-03-27 08:33:18',0);

/*Table structure for table `tb_friendlylink` */

DROP TABLE IF EXISTS `tb_friendlylink`;

CREATE TABLE `tb_friendlylink` (
  `id` int(11) NOT NULL AUTO_INCREMENT COMMENT '主键',
  `name` varchar(256) NOT NULL COMMENT '名称/11111/',
  `url` varchar(256) NOT NULL COMMENT 'URL',
  `sort` int(11) NOT NULL COMMENT '排序号',
  `state` int(11) DEFAULT '0' COMMENT '是否显示//radio/1,显示,2,不显示',
  `type` int(11) DEFAULT '21' COMMENT '类型//select/1,见数据字典',
  `remark` varchar(256) DEFAULT NULL COMMENT '备注//textarea',
  `create_time` varchar(64) DEFAULT NULL COMMENT '创建时间',
  `create_id` int(11) DEFAULT '0' COMMENT '创建者',
  PRIMARY KEY (`id`)
) ENGINE=InnoDB AUTO_INCREMENT=10 DEFAULT CHARSET=utf8 COMMENT='友情链接表';

/*Data for the table `tb_friendlylink` */

insert  into `tb_friendlylink`(`id`,`name`,`url`,`sort`,`state`,`type`,`remark`,`create_time`,`create_id`) values (1,'意见反馈','advice',16,1,22,NULL,'2015-04-24 15:03:02',1),(2,'捐赠我们','front/about/351.html',13,1,22,NULL,'2015-04-24 15:27:36',1),(4,'给我写信','http://mail.qq.com/cgi-bin/qm_share?t=qm_mailme&email=allcU1tTW15dWiobG0QJBQc',15,1,22,NULL,'2015-04-24 15:29:12',1),(5,'大峪中学','http://www.dyzx-bj.com/',112,1,21,NULL,'2015-05-06 16:13:40',1),(6,'Jflyfox博客','http://www.jflyfox.com/',114,1,21,NULL,'2015-05-06 16:14:37',1),(7,'门头沟介绍','http://baike.baidu.com/view/193726.htm?fromtitle=%E9%97%A8%E5%A4%B4%E6%B2%9F&fromid=1055081&type=syn',111,1,21,NULL,'2015-05-06 16:15:03',1),(8,'联系我们','front/about/353.html',3,1,22,NULL,'2015-05-26 11:26:57',1),(9,'免责声明','front/about/354.html',20,1,22,NULL,'2015-05-26 11:27:18',1);

/*Table structure for table `tb_image` */

DROP TABLE IF EXISTS `tb_image`;

CREATE TABLE `tb_image` (
  `id` int(11) NOT NULL AUTO_INCREMENT COMMENT '主键',
  `album_id` int(11) DEFAULT '1' COMMENT '相册ID',
  `album_name` varchar(200) DEFAULT '' COMMENT '相册名称',
  `name` varchar(200) DEFAULT '' COMMENT '图片名称',
  `linkurl` varchar(400) DEFAULT '' COMMENT '链接地址',
  `cdnurl` varchar(400) DEFAULT '' COMMENT 'CDN地址',
  `image_url` varchar(256) DEFAULT NULL COMMENT '图片路径',
  `image_net_url` varchar(256) DEFAULT NULL COMMENT '网络图片路径',
  `ext` varchar(20) DEFAULT '' COMMENT '扩展名',
  `width` varchar(20) DEFAULT '' COMMENT '宽',
  `height` varchar(20) DEFAULT '' COMMENT '高',
  `status` int(11) DEFAULT '1' COMMENT '状态//radio/2,隐藏,1,显示',
  `is_comment` int(11) DEFAULT '1' COMMENT '是否评论//radio/2,否,1,是',
  `is_recommend` int(11) DEFAULT '2' COMMENT '是否推荐：2 否 1 是',
  `sort` int(11) DEFAULT '1' COMMENT '排序',
  `remark` varchar(400) DEFAULT NULL COMMENT '备注',
  `publish_time` varchar(64) DEFAULT NULL COMMENT '发布时间',
  `publish_user` varchar(64) DEFAULT '1' COMMENT '发布者',
  `update_time` varchar(64) DEFAULT NULL COMMENT '更新时间',
  `update_id` int(11) DEFAULT '0' COMMENT '更新者',
  `create_time` varchar(64) DEFAULT NULL COMMENT '创建时间',
  `create_id` int(11) DEFAULT '0' COMMENT '创建者',
  PRIMARY KEY (`id`)
) ENGINE=InnoDB AUTO_INCREMENT=31 DEFAULT CHARSET=utf8 COMMENT='图片';

/*Data for the table `tb_image` */

insert  into `tb_image`(`id`,`album_id`,`album_name`,`name`,`linkurl`,`cdnurl`,`image_url`,`image_net_url`,`ext`,`width`,`height`,`status`,`is_comment`,`is_recommend`,`sort`,`remark`,`publish_time`,`publish_user`,`update_time`,`update_id`,`create_time`,`create_id`) values (2,1,'风景','风景1','http://image226-c.poco.cn/mypoco/myphoto/20140121/16/6164818720140121160407052_640.jpg?1024x453_120','',NULL,'http://image226-c.poco.cn/mypoco/myphoto/20140121/16/6164818720140121160407052_640.jpg?1024x453_120','jpg?1024x453_120','750','331',1,2,2,10,NULL,'2016-02-10','系统管理员','2016-02-10 00:41:10',1,'2016-02-10 00:41:10',1),(3,3,'动漫','动漫1','http://thumb.webps.cn/to/img/4/T1DTF3Fc4dXXXXXXXX_!!0-item_pic.jpg','',NULL,'http://thumb.webps.cn/to/img/4/T1DTF3Fc4dXXXXXXXX_!!0-item_pic.jpg','jpg','500','747',1,2,2,10,NULL,'2016-02-10','系统管理员','2016-02-10 00:41:51',1,'2016-02-10 00:41:51',1),(4,2,'美女','美女1','http://i4.pdim.gs/t01d4f8e84b1434c8e3.jpg','',NULL,'http://i4.pdim.gs/t01d4f8e84b1434c8e3.jpg','jpg','800','566',1,2,1,9,NULL,'2016-02-10','系统管理员','2016-02-10 00:43:20',1,'2016-02-10 00:43:20',1),(5,4,'游戏','游戏1','http://news.waigame.com/static/newsimage/20140603/14017632866819.jpg','',NULL,'http://news.waigame.com/static/newsimage/20140603/14017632866819.jpg','jpg','1400','933',1,2,2,10,NULL,'2016-02-10','系统管理员','2016-02-10 00:44:14',1,'2016-02-10 00:44:14',1),(7,2,'美女','美女2','http://i12.tietuku.com/15a72119633c812d.jpg','',NULL,'http://i12.tietuku.com/15a72119633c812d.jpg','jpg','400','445',1,2,1,10,NULL,'2016-02-10','系统管理员','2016-02-10 01:25:41',1,'2016-02-10 01:25:41',1),(8,2,'美女','美女3','http://i12.tietuku.com/ccb2e30c9fda92f6.jpg','',NULL,'http://i12.tietuku.com/ccb2e30c9fda92f6.jpg','jpg','580','870',1,1,2,10,NULL,'2016-02-10','系统管理员','2016-02-10 01:30:59',1,'2016-02-10 01:30:59',1),(9,2,'美女','美女4','http://i12.tietuku.com/2329cc70e32d51c7.jpg','',NULL,'http://i12.tietuku.com/2329cc70e32d51c7.jpg','jpg','480','800',1,1,2,10,NULL,'2016-02-10','系统管理员','2016-02-10 01:31:16',1,'2016-02-10 01:31:16',1),(10,2,'美女','美女5','http://i12.tietuku.com/f2229247cf39609c.jpg','',NULL,'http://i12.tietuku.com/f2229247cf39609c.jpg','jpg','375','550',1,1,2,10,NULL,'2016-02-10','系统管理员','2016-02-10 01:31:30',1,'2016-02-10 01:31:30',1),(11,2,'美女','美女6','http://i12.tietuku.com/53cdf688c2c938f0.jpg','',NULL,'http://i12.tietuku.com/53cdf688c2c938f0.jpg','jpg','610','833',1,1,2,10,NULL,'2016-02-10','系统管理员','2016-02-10 01:31:45',1,'2016-02-10 01:31:45',1),(12,2,'美女','美女7','http://i12.tietuku.com/9c83f4d0809adcbc.jpg','',NULL,'http://i12.tietuku.com/9c83f4d0809adcbc.jpg','jpg','532','600',1,1,2,10,NULL,'2016-02-10','系统管理员','2016-02-10 01:31:59',1,'2016-02-10 01:31:59',1),(13,2,'美女','美女8','http://i4.tietuku.com/691d3f2a37fb0ba9.jpg','',NULL,'http://i4.tietuku.com/691d3f2a37fb0ba9.jpg','jpg','1024','1536',1,2,2,10,NULL,'2016-02-10','系统管理员','2016-02-10 01:33:40',1,'2016-02-10 01:33:40',1),(14,2,'美女','美女9','http://i4.tietuku.com/1fd3bb6d9a0d5901.jpg','',NULL,'http://i4.tietuku.com/1fd3bb6d9a0d5901.jpg','jpg','682','1024',1,1,2,10,NULL,'2016-02-10','系统管理员','2016-02-10 01:34:45',1,'2016-02-10 01:34:45',1),(15,2,'美女','美女10','http://i13.tietuku.com/bff63c26bea99e8d.jpg','',NULL,'http://i13.tietuku.com/bff63c26bea99e8d.jpg','jpg','900','1200',1,1,2,10,NULL,'2016-02-10','系统管理员','2016-02-10 01:35:16',1,'2016-02-10 01:35:16',1),(16,2,'美女','美女11','http://i13.tietuku.com/8484c08a850a74c8.jpg','',NULL,'http://i13.tietuku.com/8484c08a850a74c8.jpg','jpg','768','1152',1,1,2,10,NULL,'2016-02-10','系统管理员','2016-02-10 01:35:55',1,'2016-02-10 01:35:55',1),(17,2,'美女','美女12','http://i4.tietuku.com/4231f8da8b09331c.jpg','',NULL,'http://i4.tietuku.com/4231f8da8b09331c.jpg','jpg','640','960',1,1,2,10,NULL,'2016-02-10','系统管理员','2016-02-10 01:36:09',1,'2016-02-10 01:36:09',1),(18,2,'美女','美女13','http://i13.tietuku.com/a5d2a6478c6ed758.jpg','',NULL,'http://i13.tietuku.com/a5d2a6478c6ed758.jpg','jpg','496','750',1,2,2,10,NULL,'2016-02-10','系统管理员','2016-02-10 01:36:29',1,'2016-02-10 01:36:29',1),(19,1,'风景','AA','http://i13.tietuku.com/a5d2a6478c6ed758.jpg','','download/image/20160309_163034_259472.jpg','http://i13.tietuku.com/a5d2a6478c6ed758.jpg','jpg','496','750',1,1,2,10,NULL,'2016-03-09','系统管理员','2016-03-09 16:30:35',1,'2016-03-09 16:30:35',1),(20,1,'风景','sss','hhhjhjh','','download/image/20160309_163331_373690.jpg','hhhjhjh',NULL,'0','0',1,1,2,10,NULL,'2016-03-09','系统管理员','2016-03-09 16:35:51',1,'2016-03-09 16:35:51',1),(21,1,'风景','hjgfhghgh','ghghg','','download/image/20160309_163634_262941.jpg','ghghg',NULL,'0','0',1,1,2,10,NULL,'2016-03-09','系统管理员','2016-03-09 16:43:05',1,'2016-03-09 16:43:05',1),(22,1,'风景','hjgfhghgh','ghghg','','download/image/20160309_164332_81411.jpg','ghghg',NULL,'0','0',1,1,2,10,NULL,'2016-03-09','系统管理员','2016-03-09 16:44:03',1,'2016-03-09 16:44:03',1),(23,3,'动漫','yyyu7y','http://localhost:8080/jfinal_cms/download/image/20160309_164447_944404.jpg','','download/image/20160309_164447_944404.jpg',NULL,'jpg','255','300',1,1,2,10,NULL,'2016-03-09','系统管理员','2016-03-09 16:45:28',1,'2016-03-09 16:45:28',1),(24,2,'美女','ujhjhj','jhjhjhjhj','','download/image/20160309_165553_226770.jpg','jhjhjhjhj',NULL,'0','0',1,1,2,10,NULL,'2016-03-09','系统管理员','2016-03-09 16:55:53',1,'2016-03-09 16:55:53',1),(25,2,'美女','fgfgf','http://localhost:8080/jfinal_cms//root/download/image/20160309_170015_962952.jpg','','/root/download/image/20160309_170015_962952.jpg',NULL,'jpg','255','300',1,1,2,10,NULL,'2016-03-09','系统管理员','2016-03-09 17:00:22',1,'2016-03-09 17:00:22',1),(26,2,'美女','jjj','ghghg','','download/image/20160309_172616_919421.jpg','ghghg',NULL,'0','0',1,1,2,10,NULL,'2016-03-09','系统管理员','2016-03-09 17:26:22',1,'2016-03-09 17:26:22',1),(27,2,'美女','jjj','ghghg','','download/image/20160309_172624_587107.jpg','ghghg',NULL,'0','0',1,1,2,10,NULL,'2016-03-09','系统管理员','2016-03-09 17:26:24',1,'2016-03-09 17:26:24',1),(28,3,'动漫','jjj','http://localhost:8080/jfinal_cms/download/image/20160309_173511_417041.jpg','','download/image/20160309_173511_417041.jpg',NULL,'jpg','255','300',1,1,2,10,NULL,'2016-03-09','系统管理员','2016-03-09 17:35:11',1,'2016-03-09 17:35:11',1),(29,2,'美女','jkjkjkjk','http://localhost:8080/jfinal_cms/download/image/20160309_175231_857848.jpg','','download/image/20160309_175231_857848.jpg',NULL,NULL,'0','0',1,1,2,10,NULL,'2016-03-09','系统管理员','2016-03-09 17:52:35',1,'2016-03-09 17:52:35',1),(30,2,'美女','yuyuy','http://localhost:8080/jfinal_cms/download/image/20160309_184649_849937.jpg','','download/image/20160309_184649_849937.jpg',NULL,NULL,'0','0',1,1,2,10,NULL,'2016-03-09','系统管理员','2016-03-09 18:46:49',1,'2016-03-09 18:46:49',1);

/*Table structure for table `tb_image_album` */

DROP TABLE IF EXISTS `tb_image_album`;

CREATE TABLE `tb_image_album` (
  `id` int(11) NOT NULL AUTO_INCREMENT COMMENT '主键',
  `parent_id` int(11) DEFAULT '0' COMMENT '父ID',
  `name` varchar(100) NOT NULL DEFAULT '' COMMENT '相册名称',
  `remark` text COMMENT '描述',
  `sort` int(11) DEFAULT '1' COMMENT '排序',
  `status` int(11) DEFAULT '1' COMMENT '状态//radio/2,隐藏,1,显示',
  `update_time` varchar(64) DEFAULT NULL COMMENT '更新时间',
  `update_id` int(11) DEFAULT '0' COMMENT '更新人',
  `create_time` varchar(64) DEFAULT NULL COMMENT '创建时间',
  `create_id` int(11) DEFAULT '0' COMMENT '创建者',
  PRIMARY KEY (`id`)
) ENGINE=InnoDB AUTO_INCREMENT=5 DEFAULT CHARSET=utf8 COMMENT='相册';

/*Data for the table `tb_image_album` */

insert  into `tb_image_album`(`id`,`parent_id`,`name`,`remark`,`sort`,`status`,`update_time`,`update_id`,`create_time`,`create_id`) values (1,0,'风景',NULL,1,1,'2016-02-10 00:28:19',1,'2016-02-10 00:28:19',1),(2,0,'美女',NULL,2,1,'2016-02-10 00:28:43',1,'2016-02-10 00:28:43',1),(3,0,'动漫',NULL,3,1,'2016-02-10 00:28:55',1,'2016-02-10 00:28:55',1),(4,0,'游戏',NULL,4,1,'2016-02-10 00:29:42',1,'2016-02-10 00:29:42',1);

/*Table structure for table `tb_image_tags` */

DROP TABLE IF EXISTS `tb_image_tags`;

CREATE TABLE `tb_image_tags` (
  `id` int(11) NOT NULL AUTO_INCREMENT COMMENT 'id',
  `image_id` int(11) DEFAULT NULL COMMENT '图片ID',
  `tagname` varchar(200) DEFAULT '' COMMENT '标签内容',
  `create_time` varchar(64) DEFAULT NULL COMMENT '创建时间',
  `create_id` int(11) DEFAULT '0' COMMENT '创建者',
  PRIMARY KEY (`id`)
) ENGINE=InnoDB AUTO_INCREMENT=42 DEFAULT CHARSET=utf8 COMMENT='标签';

/*Data for the table `tb_image_tags` */

insert  into `tb_image_tags`(`id`,`image_id`,`tagname`,`create_time`,`create_id`) values (1,NULL,'a','2016-02-10 02:09:39',1),(2,NULL,'b','2016-02-10 02:09:39',1),(3,NULL,'b','2016-02-10 02:09:39',1),(4,NULL,'a','2016-02-10 02:09:48',1),(5,NULL,'c','2016-02-10 02:09:48',1),(6,NULL,'a','2016-02-10 02:10:43',1),(7,NULL,'b','2016-02-10 02:10:45',1),(39,4,'美女','2016-02-10 03:35:06',1),(40,4,'图片','2016-02-10 03:35:06',1),(41,4,'视频','2016-02-10 03:35:06',1);

/*Table structure for table `tb_pageview` */

DROP TABLE IF EXISTS `tb_pageview`;

CREATE TABLE `tb_pageview` (
  `id` int(11) NOT NULL AUTO_INCREMENT COMMENT '主键',
  `ip` varchar(64) NOT NULL COMMENT 'IP地址',
  `userid` int(11) DEFAULT NULL COMMENT '用户ID',
  `create_day` varchar(64) NOT NULL COMMENT '创建时间到天',
  `create_time` varchar(64) NOT NULL COMMENT '创建时间',
  PRIMARY KEY (`id`)
) ENGINE=InnoDB AUTO_INCREMENT=120 DEFAULT CHARSET=utf8 COMMENT='访问量统计';

/*Data for the table `tb_pageview` */

insert  into `tb_pageview`(`id`,`ip`,`userid`,`create_day`,`create_time`) values (1,'127.0.0.1',0,'2015-03-01','2015-03-01 11:09:10'),(74,'0:0:0:0:0:0:0:1',0,'2016-02-29','2016-02-29 19:45:43'),(75,'0:0:0:0:0:0:0:1',0,'2016-03-01','2016-03-01 08:28:15'),(76,'0:0:0:0:0:0:0:1',0,'2016-03-02','2016-03-02 08:29:26'),(77,'0:0:0:0:0:0:0:1',0,'2016-03-03','2016-03-03 08:42:32'),(78,'0:0:0:0:0:0:0:1',0,'2016-03-04','2016-03-04 08:14:34'),(79,'192.168.3.66',0,'2016-03-04','2016-03-04 14:05:52'),(80,'192.168.3.27',0,'2016-03-04','2016-03-04 14:06:46'),(81,'0:0:0:0:0:0:0:1',0,'2016-03-05','2016-03-05 09:10:08'),(82,'192.168.3.66',0,'2016-03-05','2016-03-05 13:59:45'),(83,'0:0:0:0:0:0:0:1',0,'2016-03-06','2016-03-06 09:34:11'),(84,'0:0:0:0:0:0:0:1',0,'2016-03-07','2016-03-07 08:45:17'),(85,'0:0:0:0:0:0:0:1',0,'2016-03-08','2016-03-08 08:19:20'),(86,'0:0:0:0:0:0:0:1',0,'2016-03-09','2016-03-09 09:40:43'),(87,'192.168.3.66',0,'2016-03-09','2016-03-09 21:48:19'),(88,'192.168.3.112',0,'2016-03-09','2016-03-09 21:53:24'),(89,'0:0:0:0:0:0:0:1',0,'2016-03-10','2016-03-10 08:16:58'),(90,'192.168.3.184',0,'2016-03-10','2016-03-10 15:11:56'),(91,'0:0:0:0:0:0:0:1',0,'2016-03-11','2016-03-11 08:27:27'),(92,'127.0.0.1',0,'2016-03-11','2016-03-11 10:52:54'),(93,'192.168.3.66',0,'2016-03-11','2016-03-11 13:56:14'),(94,'0:0:0:0:0:0:0:1',0,'2016-03-12','2016-03-12 09:31:40'),(95,'0:0:0:0:0:0:0:1',0,'2016-03-14','2016-03-14 08:29:01'),(96,'0:0:0:0:0:0:0:1',0,'2016-03-15','2016-03-15 08:16:31'),(97,'0:0:0:0:0:0:0:1',0,'2016-03-16','2016-03-16 08:23:42'),(98,'0:0:0:0:0:0:0:1',0,'2016-03-17','2016-03-17 08:31:26'),(99,'192.168.3.66',0,'2016-03-17','2016-03-17 16:46:12'),(100,'192.168.3.35',0,'2016-03-17','2016-03-17 16:51:30'),(101,'192.168.3.164',0,'2016-03-17','2016-03-17 21:28:33'),(102,'0:0:0:0:0:0:0:1',0,'2016-03-18','2016-03-18 08:20:45'),(103,'192.168.3.66',0,'2016-03-18','2016-03-18 20:23:46'),(104,'192.168.3.188',0,'2016-03-18','2016-03-18 20:25:48'),(105,'192.168.3.60',0,'2016-03-18','2016-03-18 20:45:49'),(106,'192.168.3.114',0,'2016-03-18','2016-03-18 21:10:37'),(107,'0:0:0:0:0:0:0:1',0,'2016-03-19','2016-03-19 09:18:13'),(108,'0:0:0:0:0:0:0:1',0,'2016-03-20','2016-03-20 16:00:10'),(109,'0:0:0:0:0:0:0:1',0,'2016-03-21','2016-03-21 07:21:33'),(110,'0:0:0:0:0:0:0:1',0,'2016-03-22','2016-03-22 07:52:33'),(111,'127.0.0.1',0,'2016-03-22','2016-03-22 14:49:32'),(112,'0:0:0:0:0:0:0:1',0,'2016-03-23','2016-03-23 10:55:53'),(113,'127.0.0.1',0,'2016-03-23','2016-03-23 13:16:40'),(114,'0:0:0:0:0:0:0:1',0,'2016-03-24','2016-03-24 08:46:15'),(115,'127.0.0.1',0,'2016-03-24','2016-03-24 09:53:23'),(116,'0:0:0:0:0:0:0:1',0,'2016-03-25','2016-03-25 10:07:58'),(117,'127.0.0.1',0,'2016-03-25','2016-03-25 11:22:59'),(118,'0:0:0:0:0:0:0:1',0,'2016-03-26','2016-03-26 08:47:51'),(119,'0:0:0:0:0:0:0:1',0,'2016-03-27','2016-03-27 08:03:15');

/*Table structure for table `tb_tags` */

DROP TABLE IF EXISTS `tb_tags`;

CREATE TABLE `tb_tags` (
  `id` int(11) NOT NULL AUTO_INCREMENT COMMENT 'id',
  `article_id` int(11) DEFAULT NULL COMMENT '文章ID',
  `tagname` varchar(200) DEFAULT '' COMMENT '标签内容',
  `create_time` varchar(64) DEFAULT NULL COMMENT '创建时间',
  `create_id` int(11) DEFAULT '0' COMMENT '创建者',
  PRIMARY KEY (`id`)
) ENGINE=InnoDB AUTO_INCREMENT=175 DEFAULT CHARSET=utf8 COMMENT='标签';

/*Data for the table `tb_tags` */

insert  into `tb_tags`(`id`,`article_id`,`tagname`,`create_time`,`create_id`) values (163,324,'新闻','2016-01-17 00:17:55',1),(164,323,'新闻','2016-01-17 00:18:24',1),(165,322,'新闻','2016-01-17 00:19:09',1),(166,321,'新闻','2016-01-17 00:21:24',1),(167,320,'新闻','2016-01-17 00:22:21',1),(168,319,'新闻','2016-01-17 00:23:46',1),(169,318,'新闻','2016-01-17 00:23:56',1),(173,105,'新闻','2016-01-17 00:24:14',1),(174,111,'新闻','2016-01-17 00:24:20',1);

/*Table structure for table `tb_video` */

DROP TABLE IF EXISTS `tb_video`;

CREATE TABLE `tb_video` (
  `id` int(11) NOT NULL AUTO_INCREMENT COMMENT '主键',
  `album_id` int(11) DEFAULT '1' COMMENT '专辑ID',
  `album_name` varchar(200) DEFAULT '' COMMENT '专辑名称',
  `name` varchar(200) DEFAULT '' COMMENT '视频名称',
  `video_url` varchar(256) DEFAULT NULL COMMENT '点播视频路径',
  `video_net_url` varchar(256) DEFAULT NULL COMMENT '网络视频路径',
  `thumbnail` varchar(256) DEFAULT '' COMMENT '缩略图',
  `ext` varchar(20) DEFAULT '' COMMENT '扩展名',
  `resolution` varchar(20) DEFAULT '' COMMENT '分辨率',
  `status` int(11) DEFAULT '1' COMMENT '状态//ra dio/2,隐藏,1,显示',
  `is_comment` int(11) DEFAULT '1' COMMENT '是否评论//radio/2,否,1,是',
  `is_recommend` int(11) DEFAULT '2' COMMENT '是否推荐：2 否 1 是',
  `sort` int(11) DEFAULT '1' COMMENT '排序',
  `remark` varchar(400) DEFAULT NULL COMMENT '备注',
  `publish_time` varchar(64) DEFAULT NULL COMMENT '发布时间',
  `publish_user` varchar(64) DEFAULT '1' COMMENT '发布者',
  `update_time` varchar(64) DEFAULT NULL COMMENT '更新时间',
  `update_id` int(11) DEFAULT '0' COMMENT '更新者',
  `create_time` varchar(64) DEFAULT NULL COMMENT '创建时间',
  `create_id` int(11) DEFAULT '0' COMMENT '创建者',
  PRIMARY KEY (`id`)
) ENGINE=InnoDB DEFAULT CHARSET=utf8 COMMENT='视频';

/*Data for the table `tb_video` */

/*Table structure for table `tb_video_album` */

DROP TABLE IF EXISTS `tb_video_album`;

CREATE TABLE `tb_video_album` (
  `id` int(11) NOT NULL AUTO_INCREMENT COMMENT '主键',
  `parent_id` int(11) DEFAULT '0' COMMENT '父ID',
  `name` varchar(100) NOT NULL DEFAULT '' COMMENT '专辑名称',
  `remark` text COMMENT '描述',
  `sort` int(11) DEFAULT '1' COMMENT '排序',
  `status` int(11) DEFAULT '1' COMMENT '状态//radio/2,隐藏,1,显示',
  `update_time` varchar(64) DEFAULT NULL COMMENT '更新时间',
  `update_id` int(11) DEFAULT '0' COMMENT '更新人',
  `create_time` varchar(64) DEFAULT NULL COMMENT '创建时间',
  `create_id` int(11) DEFAULT '0' COMMENT '创建者',
  PRIMARY KEY (`id`)
) ENGINE=InnoDB DEFAULT CHARSET=utf8 COMMENT='专辑';

/*Data for the table `tb_video_album` */

/*Table structure for table `tb_video_tags` */

DROP TABLE IF EXISTS `tb_video_tags`;

CREATE TABLE `tb_video_tags` (
  `id` int(11) NOT NULL AUTO_INCREMENT COMMENT 'id',
  `video_id` int(11) DEFAULT NULL COMMENT '视频ID',
  `tagname` varchar(200) DEFAULT '' COMMENT '标签内容',
  `create_time` varchar(64) DEFAULT NULL COMMENT '创建时间',
  `create_id` int(11) DEFAULT '0' COMMENT '创建者',
  PRIMARY KEY (`id`)
) ENGINE=InnoDB DEFAULT CHARSET=utf8 COMMENT='视频标签';

/*Data for the table `tb_video_tags` */

/*!40101 SET SQL_MODE=@OLD_SQL_MODE */;
/*!40014 SET FOREIGN_KEY_CHECKS=@OLD_FOREIGN_KEY_CHECKS */;
/*!40014 SET UNIQUE_CHECKS=@OLD_UNIQUE_CHECKS */;
/*!40111 SET SQL_NOTES=@OLD_SQL_NOTES */;
